"RED LINE TO LAMBERT AIRPORT TERMINAL #1","CIVIC CENTER METROLINK STATION",CC0033,2,17,04:14:00,04:14:00,2
"BLUE LINE TO SHREWSBURY LANSDOWNE I-44","CIVIC CENTER METROLINK STATION",333399,2,17,04:24:00,04:24:00,2
"RED LINE TO LAMBERT AIRPORT TERMINAL #1","CIVIC CENTER METROLINK STATION",CC0033,2,17,04:37:00,04:37:00,2
"BLUE LINE TO SHREWSBURY LANSDOWNE I-44","CIVIC CENTER METROLINK STATION",333399,2,17,04:47:00,04:47:00,2
"RED LINE TO LAMBERT AIRPORT TERMINAL #1","CIVIC CENTER METROLINK STATION",CC0033,2,17,04:52:00,04:52:00,2
"BLUE LINE TO SHREWSBURY LANSDOWNE I-44","CIVIC CENTER METROLINK STATION",333399,2,17,04:56:00,04:56:00,2
"RED LINE TO LAMBERT AIRPORT TERMINAL #1","CIVIC CENTER METROLINK STATION",CC0033,2,17,05:10:00,05:10:00,2
"BLUE LINE TO SHREWSBURY LANSDOWNE I-44","CIVIC CENTER METROLINK STATION",333399,2,17,05:15:00,05:15:00,2
"RED LINE TO SHILOH SCOTT","CIVIC CENTER METROLINK STATION",CC0033,2,24,05:26:00,05:26:00,2
"RED LINE TO LAMBERT AIRPORT TERMINAL #1","CIVIC CENTER METROLINK STATION",CC0033,2,17,05:26:00,05:26:00,2
"BLUE LINE TO SHREWSBURY LANSDOWNE I-44","CIVIC CENTER METROLINK STATION",333399,2,17,05:35:00,05:35:00,2
"BLUE LINE TO FAIRVIEW HEIGHTS","CIVIC CENTER METROLINK STATION",333399,2,24,05:37:00,05:37:00,2
"RED LINE TO SHILOH SCOTT","CIVIC CENTER METROLINK STATION",CC0033,2,24,05:46:00,05:46:00,2
"RED LINE TO LAMBERT AIRPORT TERMINAL #1","CIVIC CENTER METROLINK STATION",CC0033,2,17,05:46:00,05:46:00,2
"BLUE LINE TO SHREWSBURY LANSDOWNE I-44","CIVIC CENTER METROLINK STATION",333399,2,17,05:55:00,05:55:00,2
"BLUE LINE TO FAIRVIEW HEIGHTS","CIVIC CENTER METROLINK STATION",333399,2,24,05:57:00,05:57:00,2
"RED LINE TO SHILOH SCOTT","CIVIC CENTER METROLINK STATION",CC0033,2,24,06:06:00,06:06:00,2
"RED LINE TO LAMBERT AIRPORT TERMINAL #1","CIVIC CENTER METROLINK STATION",CC0033,2,17,06:06:00,06:06:00,2
"BLUE LINE TO SHREWSBURY LANSDOWNE I-44","CIVIC CENTER METROLINK STATION",333399,2,17,06:15:00,06:15:00,2
"BLUE LINE TO FAIRVIEW HEIGHTS","CIVIC CENTER METROLINK STATION",333399,2,24,06:17:00,06:17:00,2
"RED LINE TO SHILOH SCOTT","CIVIC CENTER METROLINK STATION",CC0033,2,24,06:26:00,06:26:00,2
"RED LINE TO LAMBERT AIRPORT TERMINAL #1","CIVIC CENTER METROLINK STATION",CC0033,2,17,06:26:00,06:26:00,2
"BLUE LINE TO SHREWSBURY LANSDOWNE I-44","CIVIC CENTER METROLINK STATION",333399,2,17,06:35:00,06:35:00,2
"BLUE LINE TO FAIRVIEW HEIGHTS","CIVIC CENTER METROLINK STATION",333399,2,24,06:37:00,06:37:00,2
"RED LINE TO SHILOH SCOTT","CIVIC CENTER METROLINK STATION",CC0033,2,24,06:46:00,06:46:00,2
"RED LINE TO LAMBERT AIRPORT TERMINAL #1","CIVIC CENTER METROLINK STATION",CC0033,2,17,06:46:00,06:46:00,2
"BLUE LINE TO SHREWSBURY LANSDOWNE I-44","CIVIC CENTER METROLINK STATION",333399,2,17,06:55:00,06:55:00,2
"BLUE LINE TO FAIRVIEW HEIGHTS","CIVIC CENTER METROLINK STATION",333399,2,24,06:57:00,06:57:00,2
"RED LINE TO SHILOH SCOTT","CIVIC CENTER METROLINK STATION",CC0033,2,24,07:06:00,07:06:00,2
"RED LINE TO LAMBERT AIRPORT TERMINAL #1","CIVIC CENTER METROLINK STATION",CC0033,2,17,07:06:00,07:06:00,2
"BLUE LINE TO SHREWSBURY LANSDOWNE I-44","CIVIC CENTER METROLINK STATION",333399,2,17,07:15:00,07:15:00,2
"BLUE LINE TO FAIRVIEW HEIGHTS","CIVIC CENTER METROLINK STATION",333399,2,24,07:17:00,07:17:00,2
"RED LINE TO SHILOH SCOTT","CIVIC CENTER METROLINK STATION",CC0033,2,24,07:26:00,07:26:00,2
"RED LINE TO LAMBERT AIRPORT TERMINAL #1","CIVIC CENTER METROLINK STATION",CC0033,2,17,07:26:00,07:26:00,2
"BLUE LINE TO SHREWSBURY LANSDOWNE I-44","CIVIC CENTER METROLINK STATION",333399,2,17,07:35:00,07:35:00,2
"BLUE LINE TO FAIRVIEW HEIGHTS","CIVIC CENTER METROLINK STATION",333399,2,24,07:37:00,07:37:00,2
"RED LINE TO SHILOH SCOTT","CIVIC CENTER METROLINK STATION",CC0033,2,24,07:46:00,07:46:00,2
"RED LINE TO LAMBERT AIRPORT TERMINAL #1","CIVIC CENTER METROLINK STATION",CC0033,2,17,07:46:00,07:46:00,2
"BLUE LINE TO SHREWSBURY LANSDOWNE I-44","CIVIC CENTER METROLINK STATION",333399,2,17,07:55:00,07:55:00,2
"BLUE LINE TO FAIRVIEW HEIGHTS","CIVIC CENTER METROLINK STATION",333399,2,24,07:57:00,07:57:00,2
"RED LINE TO SHILOH SCOTT","CIVIC CENTER METROLINK STATION",CC0033,2,24,08:06:00,08:06:00,2
"RED LINE TO LAMBERT AIRPORT TERMINAL #1","CIVIC CENTER METROLINK STATION",CC0033,2,17,08:06:00,08:06:00,2
"BLUE LINE TO SHREWSBURY LANSDOWNE I-44","CIVIC CENTER METROLINK STATION",333399,2,17,08:15:00,08:15:00,2
"BLUE LINE TO FAIRVIEW HEIGHTS","CIVIC CENTER METROLINK STATION",333399,2,24,08:17:00,08:17:00,2
"RED LINE TO SHILOH SCOTT","CIVIC CENTER METROLINK STATION",CC0033,2,24,08:26:00,08:26:00,2
"RED LINE TO LAMBERT AIRPORT TERMINAL #1","CIVIC CENTER METROLINK STATION",CC0033,2,17,08:26:00,08:26:00,2
"BLUE LINE TO SHREWSBURY LANSDOWNE I-44","CIVIC CENTER METROLINK STATION",333399,2,17,08:35:00,08:35:00,2
"BLUE LINE TO FAIRVIEW HEIGHTS","CIVIC CENTER METROLINK STATION",333399,2,24,08:37:00,08:37:00,2
"RED LINE TO SHILOH SCOTT","CIVIC CENTER METROLINK STATION",CC0033,2,24,08:46:00,08:46:00,2
"RED LINE TO LAMBERT AIRPORT TERMINAL #1","CIVIC CENTER METROLINK STATION",CC0033,2,17,08:46:00,08:46:00,2
"BLUE LINE TO SHREWSBURY LANSDOWNE I-44","CIVIC CENTER METROLINK STATION",333399,2,17,08:55:00,08:55:00,2
"BLUE LINE TO FAIRVIEW HEIGHTS","CIVIC CENTER METROLINK STATION",333399,2,24,08:57:00,08:57:00,2
"RED LINE TO SHILOH SCOTT","CIVIC CENTER METROLINK STATION",CC0033,2,24,09:06:00,09:06:00,2
"RED LINE TO LAMBERT AIRPORT TERMINAL #1","CIVIC CENTER METROLINK STATION",CC0033,2,17,09:06:00,09:06:00,2
"BLUE LINE TO SHREWSBURY LANSDOWNE I-44","CIVIC CENTER METROLINK STATION",333399,2,17,09:15:00,09:15:00,2
"BLUE LINE TO FAIRVIEW HEIGHTS","CIVIC CENTER METROLINK STATION",333399,2,24,09:17:00,09:17:00,2
"RED LINE TO SHILOH SCOTT","CIVIC CENTER METROLINK STATION",CC0033,2,24,09:26:00,09:26:00,2
"RED LINE TO LAMBERT AIRPORT TERMINAL #1","CIVIC CENTER METROLINK STATION",CC0033,2,17,09:26:00,09:26:00,2
"BLUE LINE TO SHREWSBURY LANSDOWNE I-44","CIVIC CENTER METROLINK STATION",333399,2,17,09:35:00,09:35:00,2
"BLUE LINE TO FAIRVIEW HEIGHTS","CIVIC CENTER METROLINK STATION",333399,2,24,09:37:00,09:37:00,2
"RED LINE TO SHILOH SCOTT","CIVIC CENTER METROLINK STATION",CC0033,2,24,09:46:00,09:46:00,2
"RED LINE TO LAMBERT AIRPORT TERMINAL #1","CIVIC CENTER METROLINK STATION",CC0033,2,17,09:46:00,09:46:00,2
"BLUE LINE TO SHREWSBURY LANSDOWNE I-44","CIVIC CENTER METROLINK STATION",333399,2,17,09:55:00,09:55:00,2
"BLUE LINE TO FAIRVIEW HEIGHTS","CIVIC CENTER METROLINK STATION",333399,2,24,09:57:00,09:57:00,2
"RED LINE TO SHILOH SCOTT","CIVIC CENTER METROLINK STATION",CC0033,2,24,10:06:00,10:06:00,2
"RED LINE TO LAMBERT AIRPORT TERMINAL #1","CIVIC CENTER METROLINK STATION",CC0033,2,17,10:06:00,10:06:00,2
"BLUE LINE TO SHREWSBURY LANSDOWNE I-44","CIVIC CENTER METROLINK STATION",333399,2,17,10:15:00,10:15:00,2
"BLUE LINE TO FAIRVIEW HEIGHTS","CIVIC CENTER METROLINK STATION",333399,2,24,10:17:00,10:17:00,2
"RED LINE TO SHILOH SCOTT","CIVIC CENTER METROLINK STATION",CC0033,2,24,10:26:00,10:26:00,2
"RED LINE TO LAMBERT AIRPORT TERMINAL #1","CIVIC CENTER METROLINK STATION",CC0033,2,17,10:26:00,10:26:00,2
"BLUE LINE TO SHREWSBURY LANSDOWNE I-44","CIVIC CENTER METROLINK STATION",333399,2,17,10:35:00,10:35:00,2
"BLUE LINE TO FAIRVIEW HEIGHTS","CIVIC CENTER METROLINK STATION",333399,2,24,10:37:00,10:37:00,2
"RED LINE TO SHILOH SCOTT","CIVIC CENTER METROLINK STATION",CC0033,2,24,10:46:00,10:46:00,2
"RED LINE TO LAMBERT AIRPORT TERMINAL #1","CIVIC CENTER METROLINK STATION",CC0033,2,17,10:46:00,10:46:00,2
"BLUE LINE TO SHREWSBURY LANSDOWNE I-44","CIVIC CENTER METROLINK STATION",333399,2,17,10:55:00,10:55:00,2
"BLUE LINE TO FAIRVIEW HEIGHTS","CIVIC CENTER METROLINK STATION",333399,2,24,10:57:00,10:57:00,2
"RED LINE TO SHILOH SCOTT","CIVIC CENTER METROLINK STATION",CC0033,2,24,11:06:00,11:06:00,2
"RED LINE TO LAMBERT AIRPORT TERMINAL #1","CIVIC CENTER METROLINK STATION",CC0033,2,17,11:06:00,11:06:00,2
"BLUE LINE TO SHREWSBURY LANSDOWNE I-44","CIVIC CENTER METROLINK STATION",333399,2,17,11:15:00,11:15:00,2
"BLUE LINE TO FAIRVIEW HEIGHTS","CIVIC CENTER METROLINK STATION",333399,2,24,11:17:00,11:17:00,2
"RED LINE TO SHILOH SCOTT","CIVIC CENTER METROLINK STATION",CC0033,2,24,11:26:00,11:26:00,2
"RED LINE TO LAMBERT AIRPORT TERMINAL #1","CIVIC CENTER METROLINK STATION",CC0033,2,17,11:26:00,11:26:00,2
"BLUE LINE TO SHREWSBURY LANSDOWNE I-44","CIVIC CENTER METROLINK STATION",333399,2,17,11:35:00,11:35:00,2
"BLUE LINE TO FAIRVIEW HEIGHTS","CIVIC CENTER METROLINK STATION",333399,2,24,11:37:00,11:37:00,2
"RED LINE TO SHILOH SCOTT","CIVIC CENTER METROLINK STATION",CC0033,2,24,11:46:00,11:46:00,2
"RED LINE TO LAMBERT AIRPORT TERMINAL #1","CIVIC CENTER METROLINK STATION",CC0033,2,17,11:46:00,11:46:00,2
"BLUE LINE TO SHREWSBURY LANSDOWNE I-44","CIVIC CENTER METROLINK STATION",333399,2,17,11:55:00,11:55:00,2
"BLUE LINE TO FAIRVIEW HEIGHTS","CIVIC CENTER METROLINK STATION",333399,2,24,11:57:00,11:57:00,2
"RED LINE TO SHILOH SCOTT","CIVIC CENTER METROLINK STATION",CC0033,2,24,12:06:00,12:06:00,2
"RED LINE TO LAMBERT AIRPORT TERMINAL #1","CIVIC CENTER METROLINK STATION",CC0033,2,17,12:06:00,12:06:00,2
"BLUE LINE TO SHREWSBURY LANSDOWNE I-44","CIVIC CENTER METROLINK STATION",333399,2,17,12:15:00,12:15:00,2
"BLUE LINE TO FAIRVIEW HEIGHTS","CIVIC CENTER METROLINK STATION",333399,2,24,12:17:00,12:17:00,2
"RED LINE TO SHILOH SCOTT","CIVIC CENTER METROLINK STATION",CC0033,2,24,12:26:00,12:26:00,2
"RED LINE TO LAMBERT AIRPORT TERMINAL #1","CIVIC CENTER METROLINK STATION",CC0033,2,17,12:26:00,12:26:00,2
"BLUE LINE TO SHREWSBURY LANSDOWNE I-44","CIVIC CENTER METROLINK STATION",333399,2,17,12:35:00,12:35:00,2
"BLUE LINE TO FAIRVIEW HEIGHTS","CIVIC CENTER METROLINK STATION",333399,2,24,12:37:00,12:37:00,2
"RED LINE TO SHILOH SCOTT","CIVIC CENTER METROLINK STATION",CC0033,2,24,12:46:00,12:46:00,2
"RED LINE TO LAMBERT AIRPORT TERMINAL #1","CIVIC CENTER METROLINK STATION",CC0033,2,17,12:46:00,12:46:00,2
"BLUE LINE TO SHREWSBURY LANSDOWNE I-44","CIVIC CENTER METROLINK STATION",333399,2,17,12:55:00,12:55:00,2
"BLUE LINE TO FAIRVIEW HEIGHTS","CIVIC CENTER METROLINK STATION",333399,2,24,12:57:00,12:57:00,2
"RED LINE TO SHILOH SCOTT","CIVIC CENTER METROLINK STATION",CC0033,2,24,13:06:00,13:06:00,2
"RED LINE TO LAMBERT AIRPORT TERMINAL #1","CIVIC CENTER METROLINK STATION",CC0033,2,17,13:06:00,13:06:00,2
"BLUE LINE TO SHREWSBURY LANSDOWNE I-44","CIVIC CENTER METROLINK STATION",333399,2,17,13:15:00,13:15:00,2
"BLUE LINE TO FAIRVIEW HEIGHTS","CIVIC CENTER METROLINK STATION",333399,2,24,13:17:00,13:17:00,2
"RED LINE TO SHILOH SCOTT","CIVIC CENTER METROLINK STATION",CC0033,2,24,13:26:00,13:26:00,2
"RED LINE TO LAMBERT AIRPORT TERMINAL #1","CIVIC CENTER METROLINK STATION",CC0033,2,17,13:26:00,13:26:00,2
"BLUE LINE TO SHREWSBURY LANSDOWNE I-44","CIVIC CENTER METROLINK STATION",333399,2,17,13:35:00,13:35:00,2
"BLUE LINE TO FAIRVIEW HEIGHTS","CIVIC CENTER METROLINK STATION",333399,2,24,13:37:00,13:37:00,2
"RED LINE TO SHILOH SCOTT","CIVIC CENTER METROLINK STATION",CC0033,2,24,13:46:00,13:46:00,2
"RED LINE TO LAMBERT AIRPORT TERMINAL #1","CIVIC CENTER METROLINK STATION",CC0033,2,17,13:46:00,13:46:00,2
"BLUE LINE TO SHREWSBURY LANSDOWNE I-44","CIVIC CENTER METROLINK STATION",333399,2,17,13:55:00,13:55:00,2
"BLUE LINE TO FAIRVIEW HEIGHTS","CIVIC CENTER METROLINK STATION",333399,2,24,13:57:00,13:57:00,2
"RED LINE TO SHILOH SCOTT","CIVIC CENTER METROLINK STATION",CC0033,2,24,14:06:00,14:06:00,2
"RED LINE TO LAMBERT AIRPORT TERMINAL #1","CIVIC CENTER METROLINK STATION",CC0033,2,17,14:06:00,14:06:00,2
"BLUE LINE TO SHREWSBURY LANSDOWNE I-44","CIVIC CENTER METROLINK STATION",333399,2,17,14:15:00,14:15:00,2
"BLUE LINE TO FAIRVIEW HEIGHTS","CIVIC CENTER METROLINK STATION",333399,2,24,14:17:00,14:17:00,2
"RED LINE TO SHILOH SCOTT","CIVIC CENTER METROLINK STATION",CC0033,2,24,14:26:00,14:26:00,2
"RED LINE TO LAMBERT AIRPORT TERMINAL #1","CIVIC CENTER METROLINK STATION",CC0033,2,17,14:26:00,14:26:00,2
"BLUE LINE TO SHREWSBURY LANSDOWNE I-44","CIVIC CENTER METROLINK STATION",333399,2,17,14:35:00,14:35:00,2
"BLUE LINE TO FAIRVIEW HEIGHTS","CIVIC CENTER METROLINK STATION",333399,2,24,14:37:00,14:37:00,2
"RED LINE TO SHILOH SCOTT","CIVIC CENTER METROLINK STATION",CC0033,2,24,14:46:00,14:46:00,2
"RED LINE TO LAMBERT AIRPORT TERMINAL #1","CIVIC CENTER METROLINK STATION",CC0033,2,17,14:46:00,14:46:00,2
"BLUE LINE TO SHREWSBURY LANSDOWNE I-44","CIVIC CENTER METROLINK STATION",333399,2,17,14:55:00,14:55:00,2
"BLUE LINE TO FAIRVIEW HEIGHTS","CIVIC CENTER METROLINK STATION",333399,2,24,14:57:00,14:57:00,2
"RED LINE TO SHILOH SCOTT","CIVIC CENTER METROLINK STATION",CC0033,2,24,15:06:00,15:06:00,2
"RED LINE TO LAMBERT AIRPORT TERMINAL #1","CIVIC CENTER METROLINK STATION",CC0033,2,17,15:06:00,15:06:00,2
"BLUE LINE TO SHREWSBURY LANSDOWNE I-44","CIVIC CENTER METROLINK STATION",333399,2,17,15:15:00,15:15:00,2
"BLUE LINE TO FAIRVIEW HEIGHTS","CIVIC CENTER METROLINK STATION",333399,2,24,15:17:00,15:17:00,2
"RED LINE TO SHILOH SCOTT","CIVIC CENTER METROLINK STATION",CC0033,2,24,15:26:00,15:26:00,2
"RED LINE TO LAMBERT AIRPORT TERMINAL #1","CIVIC CENTER METROLINK STATION",CC0033,2,17,15:26:00,15:26:00,2
"BLUE LINE TO SHREWSBURY LANSDOWNE I-44","CIVIC CENTER METROLINK STATION",333399,2,17,15:35:00,15:35:00,2
"BLUE LINE TO FAIRVIEW HEIGHTS","CIVIC CENTER METROLINK STATION",333399,2,24,15:37:00,15:37:00,2
"RED LINE TO SHILOH SCOTT","CIVIC CENTER METROLINK STATION",CC0033,2,24,15:46:00,15:46:00,2
"RED LINE TO LAMBERT AIRPORT TERMINAL #1","CIVIC CENTER METROLINK STATION",CC0033,2,17,15:46:00,15:46:00,2
"BLUE LINE TO SHREWSBURY LANSDOWNE I-44","CIVIC CENTER METROLINK STATION",333399,2,17,15:55:00,15:55:00,2
"BLUE LINE TO FAIRVIEW HEIGHTS","CIVIC CENTER METROLINK STATION",333399,2,24,15:57:00,15:57:00,2
"RED LINE TO SHILOH SCOTT","CIVIC CENTER METROLINK STATION",CC0033,2,24,16:06:00,16:06:00,2
"RED LINE TO LAMBERT AIRPORT TERMINAL #1","CIVIC CENTER METROLINK STATION",CC0033,2,17,16:06:00,16:06:00,2
"BLUE LINE TO SHREWSBURY LANSDOWNE I-44","CIVIC CENTER METROLINK STATION",333399,2,17,16:15:00,16:15:00,2
"BLUE LINE TO FAIRVIEW HEIGHTS","CIVIC CENTER METROLINK STATION",333399,2,24,16:17:00,16:17:00,2
"RED LINE TO SHILOH SCOTT","CIVIC CENTER METROLINK STATION",CC0033,2,24,16:26:00,16:26:00,2
"RED LINE TO LAMBERT AIRPORT TERMINAL #1","CIVIC CENTER METROLINK STATION",CC0033,2,17,16:26:00,16:26:00,2
"BLUE LINE TO SHREWSBURY LANSDOWNE I-44","CIVIC CENTER METROLINK STATION",333399,2,17,16:35:00,16:35:00,2
"BLUE LINE TO FAIRVIEW HEIGHTS","CIVIC CENTER METROLINK STATION",333399,2,24,16:37:00,16:37:00,2
"RED LINE TO SHILOH SCOTT","CIVIC CENTER METROLINK STATION",CC0033,2,24,16:46:00,16:46:00,2
"RED LINE TO LAMBERT AIRPORT TERMINAL #1","CIVIC CENTER METROLINK STATION",CC0033,2,17,16:46:00,16:46:00,2
"BLUE LINE TO SHREWSBURY LANSDOWNE I-44","CIVIC CENTER METROLINK STATION",333399,2,17,16:55:00,16:55:00,2
"BLUE LINE TO FAIRVIEW HEIGHTS","CIVIC CENTER METROLINK STATION",333399,2,24,16:57:00,16:57:00,2
"RED LINE TO SHILOH SCOTT","CIVIC CENTER METROLINK STATION",CC0033,2,24,17:06:00,17:06:00,2
"RED LINE TO LAMBERT AIRPORT TERMINAL #1","CIVIC CENTER METROLINK STATION",CC0033,2,17,17:06:00,17:06:00,2
"BLUE LINE TO SHREWSBURY LANSDOWNE I-44","CIVIC CENTER METROLINK STATION",333399,2,17,17:15:00,17:15:00,2
"BLUE LINE TO FAIRVIEW HEIGHTS","CIVIC CENTER METROLINK STATION",333399,2,24,17:17:00,17:17:00,2
"RED LINE TO SHILOH SCOTT","CIVIC CENTER METROLINK STATION",CC0033,2,24,17:26:00,17:26:00,2
"RED LINE TO LAMBERT AIRPORT TERMINAL #1","CIVIC CENTER METROLINK STATION",CC0033,2,17,17:26:00,17:26:00,2
"BLUE LINE TO SHREWSBURY LANSDOWNE I-44","CIVIC CENTER METROLINK STATION",333399,2,17,17:35:00,17:35:00,2
"BLUE LINE TO FAIRVIEW HEIGHTS","CIVIC CENTER METROLINK STATION",333399,2,24,17:37:00,17:37:00,2
"RED LINE TO SHILOH SCOTT","CIVIC CENTER METROLINK STATION",CC0033,2,24,17:46:00,17:46:00,2
"RED LINE TO LAMBERT AIRPORT TERMINAL #1","CIVIC CENTER METROLINK STATION",CC0033,2,17,17:46:00,17:46:00,2
"BLUE LINE TO SHREWSBURY LANSDOWNE I-44","CIVIC CENTER METROLINK STATION",333399,2,17,17:55:00,17:55:00,2
"BLUE LINE TO FAIRVIEW HEIGHTS","CIVIC CENTER METROLINK STATION",333399,2,24,17:57:00,17:57:00,2
"RED LINE TO SHILOH SCOTT","CIVIC CENTER METROLINK STATION",CC0033,2,24,18:06:00,18:06:00,2
"RED LINE TO LAMBERT AIRPORT TERMINAL #1","CIVIC CENTER METROLINK STATION",CC0033,2,17,18:06:00,18:06:00,2
"BLUE LINE TO SHREWSBURY LANSDOWNE I-44","CIVIC CENTER METROLINK STATION",333399,2,17,18:15:00,18:15:00,2
"BLUE LINE TO FAIRVIEW HEIGHTS","CIVIC CENTER METROLINK STATION",333399,2,24,18:17:00,18:17:00,2
"RED LINE TO SHILOH SCOTT","CIVIC CENTER METROLINK STATION",CC0033,2,24,18:26:00,18:26:00,2
"RED LINE TO LAMBERT AIRPORT TERMINAL #1","CIVIC CENTER METROLINK STATION",CC0033,2,17,18:26:00,18:26:00,2
"BLUE LINE TO SHREWSBURY LANSDOWNE I-44","CIVIC CENTER METROLINK STATION",333399,2,17,18:35:00,18:35:00,2
"BLUE LINE TO FAIRVIEW HEIGHTS","CIVIC CENTER METROLINK STATION",333399,2,24,18:37:00,18:37:00,2
"RED LINE TO SHILOH SCOTT","CIVIC CENTER METROLINK STATION",CC0033,2,24,18:46:00,18:46:00,2
"RED LINE TO LAMBERT AIRPORT TERMINAL #1","CIVIC CENTER METROLINK STATION",CC0033,2,17,18:46:00,18:46:00,2
"BLUE LINE TO SHREWSBURY LANSDOWNE I-44","CIVIC CENTER METROLINK STATION",333399,2,17,18:55:00,18:55:00,2
"BLUE LINE TO FAIRVIEW HEIGHTS","CIVIC CENTER METROLINK STATION",333399,2,24,18:57:00,18:57:00,2
"RED LINE TO SHILOH SCOTT","CIVIC CENTER METROLINK STATION",CC0033,2,24,19:06:00,19:06:00,2
"RED LINE TO LAMBERT AIRPORT TERMINAL #1","CIVIC CENTER METROLINK STATION",CC0033,2,17,19:06:00,19:06:00,2
"BLUE LINE TO SHREWSBURY LANSDOWNE I-44","CIVIC CENTER METROLINK STATION",333399,2,17,19:15:00,19:15:00,2
"BLUE LINE TO FAIRVIEW HEIGHTS","CIVIC CENTER METROLINK STATION",333399,2,24,19:17:00,19:17:00,2
"RED LINE TO SHILOH SCOTT","CIVIC CENTER METROLINK STATION",CC0033,2,24,19:26:00,19:26:00,2
"RED LINE TO LAMBERT AIRPORT TERMINAL #1","CIVIC CENTER METROLINK STATION",CC0033,2,17,19:26:00,19:26:00,2
"BLUE LINE TO SHREWSBURY LANSDOWNE I-44","CIVIC CENTER METROLINK STATION",333399,2,17,19:35:00,19:35:00,2
"BLUE LINE TO FAIRVIEW HEIGHTS","CIVIC CENTER METROLINK STATION",333399,2,24,19:37:00,19:37:00,2
"RED LINE TO SHILOH SCOTT","CIVIC CENTER METROLINK STATION",CC0033,2,24,19:46:00,19:46:00,2
"RED LINE TO LAMBERT AIRPORT TERMINAL #1","CIVIC CENTER METROLINK STATION",CC0033,2,17,19:46:00,19:46:00,2
"BLUE LINE TO SHREWSBURY LANSDOWNE I-44","CIVIC CENTER METROLINK STATION",333399,2,17,19:55:00,19:55:00,2
"BLUE LINE TO FAIRVIEW HEIGHTS","CIVIC CENTER METROLINK STATION",333399,2,24,19:57:00,19:57:00,2
"RED LINE TO SHILOH SCOTT","CIVIC CENTER METROLINK STATION",CC0033,2,24,20:06:00,20:06:00,2
"RED LINE TO LAMBERT AIRPORT TERMINAL #1","CIVIC CENTER METROLINK STATION",CC0033,2,17,20:06:00,20:06:00,2
"BLUE LINE TO SHREWSBURY LANSDOWNE I-44","CIVIC CENTER METROLINK STATION",333399,2,17,20:15:00,20:15:00,2
"BLUE LINE TO FAIRVIEW HEIGHTS","CIVIC CENTER METROLINK STATION",333399,2,24,20:17:00,20:17:00,2
"RED LINE TO SHILOH SCOTT","CIVIC CENTER METROLINK STATION",CC0033,2,24,20:26:00,20:26:00,2
"RED LINE TO LAMBERT AIRPORT TERMINAL #1","CIVIC CENTER METROLINK STATION",CC0033,2,17,20:26:00,20:26:00,2
"BLUE LINE TO SHREWSBURY LANSDOWNE I-44","CIVIC CENTER METROLINK STATION",333399,2,17,20:35:00,20:35:00,2
"BLUE LINE TO FAIRVIEW HEIGHTS","CIVIC CENTER METROLINK STATION",333399,2,24,20:37:00,20:37:00,2
"RED LINE TO SHILOH SCOTT","CIVIC CENTER METROLINK STATION",CC0033,2,24,20:46:00,20:46:00,2
"RED LINE TO LAMBERT AIRPORT TERMINAL #1","CIVIC CENTER METROLINK STATION",CC0033,2,17,20:46:00,20:46:00,2
"BLUE LINE TO SHREWSBURY LANSDOWNE I-44","CIVIC CENTER METROLINK STATION",333399,2,17,20:55:00,20:55:00,2
"BLUE LINE TO FAIRVIEW HEIGHTS","CIVIC CENTER METROLINK STATION",333399,2,24,20:57:00,20:57:00,2
"RED LINE TO SHILOH SCOTT","CIVIC CENTER METROLINK STATION",CC0033,2,24,21:06:00,21:06:00,2
"RED LINE TO LAMBERT AIRPORT TERMINAL #1","CIVIC CENTER METROLINK STATION",CC0033,2,17,21:06:00,21:06:00,2
"BLUE LINE TO SHREWSBURY LANSDOWNE I-44","CIVIC CENTER METROLINK STATION",333399,2,17,21:15:00,21:15:00,2
"BLUE LINE TO FAIRVIEW HEIGHTS","CIVIC CENTER METROLINK STATION",333399,2,24,21:17:00,21:17:00,2
"RED LINE TO SHILOH SCOTT","CIVIC CENTER METROLINK STATION",CC0033,2,24,21:26:00,21:26:00,2
"RED LINE TO LAMBERT AIRPORT TERMINAL #1","CIVIC CENTER METROLINK STATION",CC0033,2,17,21:26:00,21:26:00,2
"BLUE LINE TO SHREWSBURY LANSDOWNE I-44","CIVIC CENTER METROLINK STATION",333399,2,17,21:35:00,21:35:00,2
"BLUE LINE TO FAIRVIEW HEIGHTS","CIVIC CENTER METROLINK STATION",333399,2,24,21:37:00,21:37:00,2
"RED LINE TO SHILOH SCOTT","CIVIC CENTER METROLINK STATION",CC0033,2,24,21:46:00,21:46:00,2
"RED LINE TO LAMBERT AIRPORT TERMINAL #1","CIVIC CENTER METROLINK STATION",CC0033,2,17,21:46:00,21:46:00,2
"BLUE LINE TO SHREWSBURY LANSDOWNE I-44","CIVIC CENTER METROLINK STATION",333399,2,17,21:55:00,21:55:00,2
"BLUE LINE TO FAIRVIEW HEIGHTS","CIVIC CENTER METROLINK STATION",333399,2,24,21:57:00,21:57:00,2
"RED LINE TO SHILOH SCOTT","CIVIC CENTER METROLINK STATION",CC0033,2,24,22:06:00,22:06:00,2
"RED LINE TO LAMBERT AIRPORT TERMINAL #1","CIVIC CENTER METROLINK STATION",CC0033,2,17,22:06:00,22:06:00,2
"BLUE LINE TO SHREWSBURY LANSDOWNE I-44","CIVIC CENTER METROLINK STATION",333399,2,17,22:15:00,22:15:00,2
"BLUE LINE TO FAIRVIEW HEIGHTS","CIVIC CENTER METROLINK STATION",333399,2,24,22:17:00,22:17:00,2
"RED LINE TO SHILOH SCOTT","CIVIC CENTER METROLINK STATION",CC0033,2,24,22:26:00,22:26:00,2
"RED LINE TO LAMBERT AIRPORT TERMINAL #1","CIVIC CENTER METROLINK STATION",CC0033,2,17,22:26:00,22:26:00,2
"BLUE LINE TO SHREWSBURY LANSDOWNE I-44","CIVIC CENTER METROLINK STATION",333399,2,17,22:35:00,22:35:00,2
"BLUE LINE TO FAIRVIEW HEIGHTS","CIVIC CENTER METROLINK STATION",333399,2,24,22:37:00,22:37:00,2
"RED LINE TO SHILOH SCOTT","CIVIC CENTER METROLINK STATION",CC0033,2,24,22:46:00,22:46:00,2
"RED LINE TO LAMBERT AIRPORT TERMINAL #1","CIVIC CENTER METROLINK STATION",CC0033,2,17,22:46:00,22:46:00,2
"BLUE LINE TO SHREWSBURY LANSDOWNE I-44","CIVIC CENTER METROLINK STATION",333399,2,17,22:55:00,22:55:00,2
"BLUE LINE TO FAIRVIEW HEIGHTS","CIVIC CENTER METROLINK STATION",333399,2,24,22:57:00,22:57:00,2
"RED LINE TO SHILOH SCOTT","CIVIC CENTER METROLINK STATION",CC0033,2,24,23:06:00,23:06:00,2
"RED LINE TO LAMBERT AIRPORT TERMINAL #1","CIVIC CENTER METROLINK STATION",CC0033,2,17,23:06:00,23:06:00,2
"BLUE LINE TO SHREWSBURY LANSDOWNE I-44","CIVIC CENTER METROLINK STATION",333399,2,17,23:15:00,23:15:00,2
"BLUE LINE TO FAIRVIEW HEIGHTS","CIVIC CENTER METROLINK STATION",333399,2,24,23:17:00,23:17:00,2
"RED LINE TO SHILOH SCOTT","CIVIC CENTER METROLINK STATION",CC0033,2,24,23:26:00,23:26:00,2
"RED LINE TO LAMBERT AIRPORT TERMINAL #1","CIVIC CENTER METROLINK STATION",CC0033,2,17,23:26:00,23:26:00,2
"BLUE LINE TO EMERSON PARK","CIVIC CENTER METROLINK STATION",333399,2,24,23:37:00,23:37:00,2
"RED LINE TO SHILOH SCOTT","CIVIC CENTER METROLINK STATION",CC0033,2,24,23:46:00,23:46:00,2
"BLUE LINE TO SHREWSBURY LANSDOWNE I-44","CIVIC CENTER METROLINK STATION",333399,2,17,23:55:00,23:55:00,2
"BLUE LINE TO EMERSON PARK","CIVIC CENTER METROLINK STATION",333399,2,24,23:57:00,23:57:00,2
"RED LINE TO FAIRVIEW HEIGHTS","CIVIC CENTER METROLINK STATION",CC0033,2,24,24:06:00,24:06:00,2
"RED LINE TO LAMBERT AIRPORT TERMINAL #1","CIVIC CENTER METROLINK STATION",CC0033,2,17,24:06:00,24:06:00,2
"BLUE LINE TO FAIRVIEW HEIGHTS","CIVIC CENTER METROLINK STATION",333399,2,24,24:17:00,24:17:00,2
"RED LINE TO FAIRVIEW HEIGHTS","CIVIC CENTER METROLINK STATION",CC0033,2,24,24:26:00,24:26:00,2
