"RED LINE TO LAMBERT AIRPORT TERMINAL #1","CONVENTION CENTER METROLINK STATION",CC0033,2,14,04:08:00,04:08:00,1
"BLUE LINE TO SHREWSBURY LANSDOWNE I-44","CONVENTION CENTER METROLINK STATION",333399,2,14,04:19:00,04:19:00,1
"RED LINE TO LAMBERT AIRPORT TERMINAL #1","CONVENTION CENTER METROLINK STATION",CC0033,2,14,04:32:00,04:32:00,1
"BLUE LINE TO SHREWSBURY LANSDOWNE I-44","CONVENTION CENTER METROLINK STATION",333399,2,14,04:42:00,04:42:00,1
"RED LINE TO LAMBERT AIRPORT TERMINAL #1","CONVENTION CENTER METROLINK STATION",CC0033,2,14,04:47:00,04:47:00,1
"BLUE LINE TO SHREWSBURY LANSDOWNE I-44","CONVENTION CENTER METROLINK STATION",333399,2,14,04:51:00,04:51:00,1
"RED LINE TO LAMBERT AIRPORT TERMINAL #1","CONVENTION CENTER METROLINK STATION",CC0033,2,14,05:05:00,05:05:00,1
"BLUE LINE TO SHREWSBURY LANSDOWNE I-44","CONVENTION CENTER METROLINK STATION",333399,2,14,05:10:00,05:10:00,1
"RED LINE TO LAMBERT AIRPORT TERMINAL #1","CONVENTION CENTER METROLINK STATION",CC0033,2,14,05:21:00,05:21:00,1
"BLUE LINE TO SHREWSBURY LANSDOWNE I-44","CONVENTION CENTER METROLINK STATION",333399,2,14,05:30:00,05:30:00,1
"RED LINE TO SHILOH SCOTT","CONVENTION CENTER METROLINK STATION",CC0033,2,27,05:31:00,05:31:00,1
"RED LINE TO LAMBERT AIRPORT TERMINAL #1","CONVENTION CENTER METROLINK STATION",CC0033,2,14,05:41:00,05:41:00,1
"BLUE LINE TO FAIRVIEW HEIGHTS","CONVENTION CENTER METROLINK STATION",333399,2,27,05:42:00,05:42:00,1
"BLUE LINE TO SHREWSBURY LANSDOWNE I-44","CONVENTION CENTER METROLINK STATION",333399,2,14,05:50:00,05:50:00,1
"RED LINE TO SHILOH SCOTT","CONVENTION CENTER METROLINK STATION",CC0033,2,27,05:51:00,05:51:00,1
"RED LINE TO LAMBERT AIRPORT TERMINAL #1","CONVENTION CENTER METROLINK STATION",CC0033,2,14,06:01:00,06:01:00,1
"BLUE LINE TO FAIRVIEW HEIGHTS","CONVENTION CENTER METROLINK STATION",333399,2,27,06:02:00,06:02:00,1
"BLUE LINE TO SHREWSBURY LANSDOWNE I-44","CONVENTION CENTER METROLINK STATION",333399,2,14,06:10:00,06:10:00,1
"RED LINE TO SHILOH SCOTT","CONVENTION CENTER METROLINK STATION",CC0033,2,27,06:11:00,06:11:00,1
"RED LINE TO LAMBERT AIRPORT TERMINAL #1","CONVENTION CENTER METROLINK STATION",CC0033,2,14,06:21:00,06:21:00,1
"BLUE LINE TO FAIRVIEW HEIGHTS","CONVENTION CENTER METROLINK STATION",333399,2,27,06:22:00,06:22:00,1
"BLUE LINE TO SHREWSBURY LANSDOWNE I-44","CONVENTION CENTER METROLINK STATION",333399,2,14,06:30:00,06:30:00,1
"RED LINE TO SHILOH SCOTT","CONVENTION CENTER METROLINK STATION",CC0033,2,27,06:31:00,06:31:00,1
"RED LINE TO LAMBERT AIRPORT TERMINAL #1","CONVENTION CENTER METROLINK STATION",CC0033,2,14,06:41:00,06:41:00,1
"BLUE LINE TO FAIRVIEW HEIGHTS","CONVENTION CENTER METROLINK STATION",333399,2,27,06:42:00,06:42:00,1
"BLUE LINE TO SHREWSBURY LANSDOWNE I-44","CONVENTION CENTER METROLINK STATION",333399,2,14,06:50:00,06:50:00,1
"RED LINE TO SHILOH SCOTT","CONVENTION CENTER METROLINK STATION",CC0033,2,27,06:51:00,06:51:00,1
"RED LINE TO LAMBERT AIRPORT TERMINAL #1","CONVENTION CENTER METROLINK STATION",CC0033,2,14,07:01:00,07:01:00,1
"BLUE LINE TO FAIRVIEW HEIGHTS","CONVENTION CENTER METROLINK STATION",333399,2,27,07:02:00,07:02:00,1
"BLUE LINE TO SHREWSBURY LANSDOWNE I-44","CONVENTION CENTER METROLINK STATION",333399,2,14,07:10:00,07:10:00,1
"RED LINE TO SHILOH SCOTT","CONVENTION CENTER METROLINK STATION",CC0033,2,27,07:11:00,07:11:00,1
"RED LINE TO LAMBERT AIRPORT TERMINAL #1","CONVENTION CENTER METROLINK STATION",CC0033,2,14,07:21:00,07:21:00,1
"BLUE LINE TO FAIRVIEW HEIGHTS","CONVENTION CENTER METROLINK STATION",333399,2,27,07:22:00,07:22:00,1
"BLUE LINE TO SHREWSBURY LANSDOWNE I-44","CONVENTION CENTER METROLINK STATION",333399,2,14,07:30:00,07:30:00,1
"RED LINE TO SHILOH SCOTT","CONVENTION CENTER METROLINK STATION",CC0033,2,27,07:31:00,07:31:00,1
"RED LINE TO LAMBERT AIRPORT TERMINAL #1","CONVENTION CENTER METROLINK STATION",CC0033,2,14,07:41:00,07:41:00,1
"BLUE LINE TO FAIRVIEW HEIGHTS","CONVENTION CENTER METROLINK STATION",333399,2,27,07:42:00,07:42:00,1
"BLUE LINE TO SHREWSBURY LANSDOWNE I-44","CONVENTION CENTER METROLINK STATION",333399,2,14,07:50:00,07:50:00,1
"RED LINE TO SHILOH SCOTT","CONVENTION CENTER METROLINK STATION",CC0033,2,27,07:51:00,07:51:00,1
"RED LINE TO LAMBERT AIRPORT TERMINAL #1","CONVENTION CENTER METROLINK STATION",CC0033,2,14,08:01:00,08:01:00,1
"BLUE LINE TO FAIRVIEW HEIGHTS","CONVENTION CENTER METROLINK STATION",333399,2,27,08:02:00,08:02:00,1
"BLUE LINE TO SHREWSBURY LANSDOWNE I-44","CONVENTION CENTER METROLINK STATION",333399,2,14,08:10:00,08:10:00,1
"RED LINE TO SHILOH SCOTT","CONVENTION CENTER METROLINK STATION",CC0033,2,27,08:11:00,08:11:00,1
"RED LINE TO LAMBERT AIRPORT TERMINAL #1","CONVENTION CENTER METROLINK STATION",CC0033,2,14,08:21:00,08:21:00,1
"BLUE LINE TO FAIRVIEW HEIGHTS","CONVENTION CENTER METROLINK STATION",333399,2,27,08:22:00,08:22:00,1
"BLUE LINE TO SHREWSBURY LANSDOWNE I-44","CONVENTION CENTER METROLINK STATION",333399,2,14,08:30:00,08:30:00,1
"RED LINE TO SHILOH SCOTT","CONVENTION CENTER METROLINK STATION",CC0033,2,27,08:31:00,08:31:00,1
"RED LINE TO LAMBERT AIRPORT TERMINAL #1","CONVENTION CENTER METROLINK STATION",CC0033,2,14,08:41:00,08:41:00,1
"BLUE LINE TO FAIRVIEW HEIGHTS","CONVENTION CENTER METROLINK STATION",333399,2,27,08:42:00,08:42:00,1
"BLUE LINE TO SHREWSBURY LANSDOWNE I-44","CONVENTION CENTER METROLINK STATION",333399,2,14,08:50:00,08:50:00,1
"RED LINE TO SHILOH SCOTT","CONVENTION CENTER METROLINK STATION",CC0033,2,27,08:51:00,08:51:00,1
"RED LINE TO LAMBERT AIRPORT TERMINAL #1","CONVENTION CENTER METROLINK STATION",CC0033,2,14,09:01:00,09:01:00,1
"BLUE LINE TO FAIRVIEW HEIGHTS","CONVENTION CENTER METROLINK STATION",333399,2,27,09:02:00,09:02:00,1
"BLUE LINE TO SHREWSBURY LANSDOWNE I-44","CONVENTION CENTER METROLINK STATION",333399,2,14,09:10:00,09:10:00,1
"RED LINE TO SHILOH SCOTT","CONVENTION CENTER METROLINK STATION",CC0033,2,27,09:11:00,09:11:00,1
"RED LINE TO LAMBERT AIRPORT TERMINAL #1","CONVENTION CENTER METROLINK STATION",CC0033,2,14,09:21:00,09:21:00,1
"BLUE LINE TO FAIRVIEW HEIGHTS","CONVENTION CENTER METROLINK STATION",333399,2,27,09:22:00,09:22:00,1
"BLUE LINE TO SHREWSBURY LANSDOWNE I-44","CONVENTION CENTER METROLINK STATION",333399,2,14,09:30:00,09:30:00,1
"RED LINE TO SHILOH SCOTT","CONVENTION CENTER METROLINK STATION",CC0033,2,27,09:31:00,09:31:00,1
"RED LINE TO LAMBERT AIRPORT TERMINAL #1","CONVENTION CENTER METROLINK STATION",CC0033,2,14,09:41:00,09:41:00,1
"BLUE LINE TO FAIRVIEW HEIGHTS","CONVENTION CENTER METROLINK STATION",333399,2,27,09:42:00,09:42:00,1
"BLUE LINE TO SHREWSBURY LANSDOWNE I-44","CONVENTION CENTER METROLINK STATION",333399,2,14,09:50:00,09:50:00,1
"RED LINE TO SHILOH SCOTT","CONVENTION CENTER METROLINK STATION",CC0033,2,27,09:51:00,09:51:00,1
"RED LINE TO LAMBERT AIRPORT TERMINAL #1","CONVENTION CENTER METROLINK STATION",CC0033,2,14,10:01:00,10:01:00,1
"BLUE LINE TO FAIRVIEW HEIGHTS","CONVENTION CENTER METROLINK STATION",333399,2,27,10:02:00,10:02:00,1
"BLUE LINE TO SHREWSBURY LANSDOWNE I-44","CONVENTION CENTER METROLINK STATION",333399,2,14,10:10:00,10:10:00,1
"RED LINE TO SHILOH SCOTT","CONVENTION CENTER METROLINK STATION",CC0033,2,27,10:11:00,10:11:00,1
"RED LINE TO LAMBERT AIRPORT TERMINAL #1","CONVENTION CENTER METROLINK STATION",CC0033,2,14,10:21:00,10:21:00,1
"BLUE LINE TO FAIRVIEW HEIGHTS","CONVENTION CENTER METROLINK STATION",333399,2,27,10:22:00,10:22:00,1
"BLUE LINE TO SHREWSBURY LANSDOWNE I-44","CONVENTION CENTER METROLINK STATION",333399,2,14,10:30:00,10:30:00,1
"RED LINE TO SHILOH SCOTT","CONVENTION CENTER METROLINK STATION",CC0033,2,27,10:31:00,10:31:00,1
"RED LINE TO LAMBERT AIRPORT TERMINAL #1","CONVENTION CENTER METROLINK STATION",CC0033,2,14,10:41:00,10:41:00,1
"BLUE LINE TO FAIRVIEW HEIGHTS","CONVENTION CENTER METROLINK STATION",333399,2,27,10:42:00,10:42:00,1
"BLUE LINE TO SHREWSBURY LANSDOWNE I-44","CONVENTION CENTER METROLINK STATION",333399,2,14,10:50:00,10:50:00,1
"RED LINE TO SHILOH SCOTT","CONVENTION CENTER METROLINK STATION",CC0033,2,27,10:51:00,10:51:00,1
"RED LINE TO LAMBERT AIRPORT TERMINAL #1","CONVENTION CENTER METROLINK STATION",CC0033,2,14,11:01:00,11:01:00,1
"BLUE LINE TO FAIRVIEW HEIGHTS","CONVENTION CENTER METROLINK STATION",333399,2,27,11:02:00,11:02:00,1
"BLUE LINE TO SHREWSBURY LANSDOWNE I-44","CONVENTION CENTER METROLINK STATION",333399,2,14,11:10:00,11:10:00,1
"RED LINE TO SHILOH SCOTT","CONVENTION CENTER METROLINK STATION",CC0033,2,27,11:11:00,11:11:00,1
"RED LINE TO LAMBERT AIRPORT TERMINAL #1","CONVENTION CENTER METROLINK STATION",CC0033,2,14,11:21:00,11:21:00,1
"BLUE LINE TO FAIRVIEW HEIGHTS","CONVENTION CENTER METROLINK STATION",333399,2,27,11:22:00,11:22:00,1
"BLUE LINE TO SHREWSBURY LANSDOWNE I-44","CONVENTION CENTER METROLINK STATION",333399,2,14,11:30:00,11:30:00,1
"RED LINE TO SHILOH SCOTT","CONVENTION CENTER METROLINK STATION",CC0033,2,27,11:31:00,11:31:00,1
"RED LINE TO LAMBERT AIRPORT TERMINAL #1","CONVENTION CENTER METROLINK STATION",CC0033,2,14,11:41:00,11:41:00,1
"BLUE LINE TO FAIRVIEW HEIGHTS","CONVENTION CENTER METROLINK STATION",333399,2,27,11:42:00,11:42:00,1
"BLUE LINE TO SHREWSBURY LANSDOWNE I-44","CONVENTION CENTER METROLINK STATION",333399,2,14,11:50:00,11:50:00,1
"RED LINE TO SHILOH SCOTT","CONVENTION CENTER METROLINK STATION",CC0033,2,27,11:51:00,11:51:00,1
"RED LINE TO LAMBERT AIRPORT TERMINAL #1","CONVENTION CENTER METROLINK STATION",CC0033,2,14,12:01:00,12:01:00,1
"BLUE LINE TO FAIRVIEW HEIGHTS","CONVENTION CENTER METROLINK STATION",333399,2,27,12:02:00,12:02:00,1
"BLUE LINE TO SHREWSBURY LANSDOWNE I-44","CONVENTION CENTER METROLINK STATION",333399,2,14,12:10:00,12:10:00,1
"RED LINE TO SHILOH SCOTT","CONVENTION CENTER METROLINK STATION",CC0033,2,27,12:11:00,12:11:00,1
"RED LINE TO LAMBERT AIRPORT TERMINAL #1","CONVENTION CENTER METROLINK STATION",CC0033,2,14,12:21:00,12:21:00,1
"BLUE LINE TO FAIRVIEW HEIGHTS","CONVENTION CENTER METROLINK STATION",333399,2,27,12:22:00,12:22:00,1
"BLUE LINE TO SHREWSBURY LANSDOWNE I-44","CONVENTION CENTER METROLINK STATION",333399,2,14,12:30:00,12:30:00,1
"RED LINE TO SHILOH SCOTT","CONVENTION CENTER METROLINK STATION",CC0033,2,27,12:31:00,12:31:00,1
"RED LINE TO LAMBERT AIRPORT TERMINAL #1","CONVENTION CENTER METROLINK STATION",CC0033,2,14,12:41:00,12:41:00,1
"BLUE LINE TO FAIRVIEW HEIGHTS","CONVENTION CENTER METROLINK STATION",333399,2,27,12:42:00,12:42:00,1
"BLUE LINE TO SHREWSBURY LANSDOWNE I-44","CONVENTION CENTER METROLINK STATION",333399,2,14,12:50:00,12:50:00,1
"RED LINE TO SHILOH SCOTT","CONVENTION CENTER METROLINK STATION",CC0033,2,27,12:51:00,12:51:00,1
"RED LINE TO LAMBERT AIRPORT TERMINAL #1","CONVENTION CENTER METROLINK STATION",CC0033,2,14,13:01:00,13:01:00,1
"BLUE LINE TO FAIRVIEW HEIGHTS","CONVENTION CENTER METROLINK STATION",333399,2,27,13:02:00,13:02:00,1
"BLUE LINE TO SHREWSBURY LANSDOWNE I-44","CONVENTION CENTER METROLINK STATION",333399,2,14,13:10:00,13:10:00,1
"RED LINE TO SHILOH SCOTT","CONVENTION CENTER METROLINK STATION",CC0033,2,27,13:11:00,13:11:00,1
"RED LINE TO LAMBERT AIRPORT TERMINAL #1","CONVENTION CENTER METROLINK STATION",CC0033,2,14,13:21:00,13:21:00,1
"BLUE LINE TO FAIRVIEW HEIGHTS","CONVENTION CENTER METROLINK STATION",333399,2,27,13:22:00,13:22:00,1
"BLUE LINE TO SHREWSBURY LANSDOWNE I-44","CONVENTION CENTER METROLINK STATION",333399,2,14,13:30:00,13:30:00,1
"RED LINE TO SHILOH SCOTT","CONVENTION CENTER METROLINK STATION",CC0033,2,27,13:31:00,13:31:00,1
"RED LINE TO LAMBERT AIRPORT TERMINAL #1","CONVENTION CENTER METROLINK STATION",CC0033,2,14,13:41:00,13:41:00,1
"BLUE LINE TO FAIRVIEW HEIGHTS","CONVENTION CENTER METROLINK STATION",333399,2,27,13:42:00,13:42:00,1
"BLUE LINE TO SHREWSBURY LANSDOWNE I-44","CONVENTION CENTER METROLINK STATION",333399,2,14,13:50:00,13:50:00,1
"RED LINE TO SHILOH SCOTT","CONVENTION CENTER METROLINK STATION",CC0033,2,27,13:51:00,13:51:00,1
"RED LINE TO LAMBERT AIRPORT TERMINAL #1","CONVENTION CENTER METROLINK STATION",CC0033,2,14,14:01:00,14:01:00,1
"BLUE LINE TO FAIRVIEW HEIGHTS","CONVENTION CENTER METROLINK STATION",333399,2,27,14:02:00,14:02:00,1
"BLUE LINE TO SHREWSBURY LANSDOWNE I-44","CONVENTION CENTER METROLINK STATION",333399,2,14,14:10:00,14:10:00,1
"RED LINE TO SHILOH SCOTT","CONVENTION CENTER METROLINK STATION",CC0033,2,27,14:11:00,14:11:00,1
"RED LINE TO LAMBERT AIRPORT TERMINAL #1","CONVENTION CENTER METROLINK STATION",CC0033,2,14,14:21:00,14:21:00,1
"BLUE LINE TO FAIRVIEW HEIGHTS","CONVENTION CENTER METROLINK STATION",333399,2,27,14:22:00,14:22:00,1
"BLUE LINE TO SHREWSBURY LANSDOWNE I-44","CONVENTION CENTER METROLINK STATION",333399,2,14,14:30:00,14:30:00,1
"RED LINE TO SHILOH SCOTT","CONVENTION CENTER METROLINK STATION",CC0033,2,27,14:31:00,14:31:00,1
"RED LINE TO LAMBERT AIRPORT TERMINAL #1","CONVENTION CENTER METROLINK STATION",CC0033,2,14,14:41:00,14:41:00,1
"BLUE LINE TO FAIRVIEW HEIGHTS","CONVENTION CENTER METROLINK STATION",333399,2,27,14:42:00,14:42:00,1
"BLUE LINE TO SHREWSBURY LANSDOWNE I-44","CONVENTION CENTER METROLINK STATION",333399,2,14,14:50:00,14:50:00,1
"RED LINE TO SHILOH SCOTT","CONVENTION CENTER METROLINK STATION",CC0033,2,27,14:51:00,14:51:00,1
"RED LINE TO LAMBERT AIRPORT TERMINAL #1","CONVENTION CENTER METROLINK STATION",CC0033,2,14,15:01:00,15:01:00,1
"BLUE LINE TO FAIRVIEW HEIGHTS","CONVENTION CENTER METROLINK STATION",333399,2,27,15:02:00,15:02:00,1
"BLUE LINE TO SHREWSBURY LANSDOWNE I-44","CONVENTION CENTER METROLINK STATION",333399,2,14,15:10:00,15:10:00,1
"RED LINE TO SHILOH SCOTT","CONVENTION CENTER METROLINK STATION",CC0033,2,27,15:11:00,15:11:00,1
"RED LINE TO LAMBERT AIRPORT TERMINAL #1","CONVENTION CENTER METROLINK STATION",CC0033,2,14,15:21:00,15:21:00,1
"BLUE LINE TO FAIRVIEW HEIGHTS","CONVENTION CENTER METROLINK STATION",333399,2,27,15:22:00,15:22:00,1
"BLUE LINE TO SHREWSBURY LANSDOWNE I-44","CONVENTION CENTER METROLINK STATION",333399,2,14,15:30:00,15:30:00,1
"RED LINE TO SHILOH SCOTT","CONVENTION CENTER METROLINK STATION",CC0033,2,27,15:31:00,15:31:00,1
"RED LINE TO LAMBERT AIRPORT TERMINAL #1","CONVENTION CENTER METROLINK STATION",CC0033,2,14,15:41:00,15:41:00,1
"BLUE LINE TO FAIRVIEW HEIGHTS","CONVENTION CENTER METROLINK STATION",333399,2,27,15:42:00,15:42:00,1
"BLUE LINE TO SHREWSBURY LANSDOWNE I-44","CONVENTION CENTER METROLINK STATION",333399,2,14,15:50:00,15:50:00,1
"RED LINE TO SHILOH SCOTT","CONVENTION CENTER METROLINK STATION",CC0033,2,27,15:51:00,15:51:00,1
"RED LINE TO LAMBERT AIRPORT TERMINAL #1","CONVENTION CENTER METROLINK STATION",CC0033,2,14,16:01:00,16:01:00,1
"BLUE LINE TO FAIRVIEW HEIGHTS","CONVENTION CENTER METROLINK STATION",333399,2,27,16:02:00,16:02:00,1
"BLUE LINE TO SHREWSBURY LANSDOWNE I-44","CONVENTION CENTER METROLINK STATION",333399,2,14,16:10:00,16:10:00,1
"RED LINE TO SHILOH SCOTT","CONVENTION CENTER METROLINK STATION",CC0033,2,27,16:11:00,16:11:00,1
"RED LINE TO LAMBERT AIRPORT TERMINAL #1","CONVENTION CENTER METROLINK STATION",CC0033,2,14,16:21:00,16:21:00,1
"BLUE LINE TO FAIRVIEW HEIGHTS","CONVENTION CENTER METROLINK STATION",333399,2,27,16:22:00,16:22:00,1
"BLUE LINE TO SHREWSBURY LANSDOWNE I-44","CONVENTION CENTER METROLINK STATION",333399,2,14,16:30:00,16:30:00,1
"RED LINE TO SHILOH SCOTT","CONVENTION CENTER METROLINK STATION",CC0033,2,27,16:31:00,16:31:00,1
"RED LINE TO LAMBERT AIRPORT TERMINAL #1","CONVENTION CENTER METROLINK STATION",CC0033,2,14,16:41:00,16:41:00,1
"BLUE LINE TO FAIRVIEW HEIGHTS","CONVENTION CENTER METROLINK STATION",333399,2,27,16:42:00,16:42:00,1
"BLUE LINE TO SHREWSBURY LANSDOWNE I-44","CONVENTION CENTER METROLINK STATION",333399,2,14,16:50:00,16:50:00,1
"RED LINE TO SHILOH SCOTT","CONVENTION CENTER METROLINK STATION",CC0033,2,27,16:51:00,16:51:00,1
"RED LINE TO LAMBERT AIRPORT TERMINAL #1","CONVENTION CENTER METROLINK STATION",CC0033,2,14,17:01:00,17:01:00,1
"BLUE LINE TO FAIRVIEW HEIGHTS","CONVENTION CENTER METROLINK STATION",333399,2,27,17:02:00,17:02:00,1
"BLUE LINE TO SHREWSBURY LANSDOWNE I-44","CONVENTION CENTER METROLINK STATION",333399,2,14,17:10:00,17:10:00,1
"RED LINE TO SHILOH SCOTT","CONVENTION CENTER METROLINK STATION",CC0033,2,27,17:11:00,17:11:00,1
"RED LINE TO LAMBERT AIRPORT TERMINAL #1","CONVENTION CENTER METROLINK STATION",CC0033,2,14,17:21:00,17:21:00,1
"BLUE LINE TO FAIRVIEW HEIGHTS","CONVENTION CENTER METROLINK STATION",333399,2,27,17:22:00,17:22:00,1
"BLUE LINE TO SHREWSBURY LANSDOWNE I-44","CONVENTION CENTER METROLINK STATION",333399,2,14,17:30:00,17:30:00,1
"RED LINE TO SHILOH SCOTT","CONVENTION CENTER METROLINK STATION",CC0033,2,27,17:31:00,17:31:00,1
"RED LINE TO LAMBERT AIRPORT TERMINAL #1","CONVENTION CENTER METROLINK STATION",CC0033,2,14,17:41:00,17:41:00,1
"BLUE LINE TO FAIRVIEW HEIGHTS","CONVENTION CENTER METROLINK STATION",333399,2,27,17:42:00,17:42:00,1
"BLUE LINE TO SHREWSBURY LANSDOWNE I-44","CONVENTION CENTER METROLINK STATION",333399,2,14,17:50:00,17:50:00,1
"RED LINE TO SHILOH SCOTT","CONVENTION CENTER METROLINK STATION",CC0033,2,27,17:51:00,17:51:00,1
"RED LINE TO LAMBERT AIRPORT TERMINAL #1","CONVENTION CENTER METROLINK STATION",CC0033,2,14,18:01:00,18:01:00,1
"BLUE LINE TO FAIRVIEW HEIGHTS","CONVENTION CENTER METROLINK STATION",333399,2,27,18:02:00,18:02:00,1
"BLUE LINE TO SHREWSBURY LANSDOWNE I-44","CONVENTION CENTER METROLINK STATION",333399,2,14,18:10:00,18:10:00,1
"RED LINE TO SHILOH SCOTT","CONVENTION CENTER METROLINK STATION",CC0033,2,27,18:11:00,18:11:00,1
"RED LINE TO LAMBERT AIRPORT TERMINAL #1","CONVENTION CENTER METROLINK STATION",CC0033,2,14,18:21:00,18:21:00,1
"BLUE LINE TO FAIRVIEW HEIGHTS","CONVENTION CENTER METROLINK STATION",333399,2,27,18:22:00,18:22:00,1
"BLUE LINE TO SHREWSBURY LANSDOWNE I-44","CONVENTION CENTER METROLINK STATION",333399,2,14,18:30:00,18:30:00,1
"RED LINE TO SHILOH SCOTT","CONVENTION CENTER METROLINK STATION",CC0033,2,27,18:31:00,18:31:00,1
"RED LINE TO LAMBERT AIRPORT TERMINAL #1","CONVENTION CENTER METROLINK STATION",CC0033,2,14,18:41:00,18:41:00,1
"BLUE LINE TO FAIRVIEW HEIGHTS","CONVENTION CENTER METROLINK STATION",333399,2,27,18:42:00,18:42:00,1
"BLUE LINE TO SHREWSBURY LANSDOWNE I-44","CONVENTION CENTER METROLINK STATION",333399,2,14,18:50:00,18:50:00,1
"RED LINE TO SHILOH SCOTT","CONVENTION CENTER METROLINK STATION",CC0033,2,27,18:51:00,18:51:00,1
"RED LINE TO LAMBERT AIRPORT TERMINAL #1","CONVENTION CENTER METROLINK STATION",CC0033,2,14,19:01:00,19:01:00,1
"BLUE LINE TO FAIRVIEW HEIGHTS","CONVENTION CENTER METROLINK STATION",333399,2,27,19:02:00,19:02:00,1
"BLUE LINE TO SHREWSBURY LANSDOWNE I-44","CONVENTION CENTER METROLINK STATION",333399,2,14,19:10:00,19:10:00,1
"RED LINE TO SHILOH SCOTT","CONVENTION CENTER METROLINK STATION",CC0033,2,27,19:11:00,19:11:00,1
"RED LINE TO LAMBERT AIRPORT TERMINAL #1","CONVENTION CENTER METROLINK STATION",CC0033,2,14,19:21:00,19:21:00,1
"BLUE LINE TO FAIRVIEW HEIGHTS","CONVENTION CENTER METROLINK STATION",333399,2,27,19:22:00,19:22:00,1
"BLUE LINE TO SHREWSBURY LANSDOWNE I-44","CONVENTION CENTER METROLINK STATION",333399,2,14,19:30:00,19:30:00,1
"RED LINE TO SHILOH SCOTT","CONVENTION CENTER METROLINK STATION",CC0033,2,27,19:31:00,19:31:00,1
"RED LINE TO LAMBERT AIRPORT TERMINAL #1","CONVENTION CENTER METROLINK STATION",CC0033,2,14,19:41:00,19:41:00,1
"BLUE LINE TO FAIRVIEW HEIGHTS","CONVENTION CENTER METROLINK STATION",333399,2,27,19:42:00,19:42:00,1
"BLUE LINE TO SHREWSBURY LANSDOWNE I-44","CONVENTION CENTER METROLINK STATION",333399,2,14,19:50:00,19:50:00,1
"RED LINE TO SHILOH SCOTT","CONVENTION CENTER METROLINK STATION",CC0033,2,27,19:51:00,19:51:00,1
"RED LINE TO LAMBERT AIRPORT TERMINAL #1","CONVENTION CENTER METROLINK STATION",CC0033,2,14,20:01:00,20:01:00,1
"BLUE LINE TO FAIRVIEW HEIGHTS","CONVENTION CENTER METROLINK STATION",333399,2,27,20:02:00,20:02:00,1
"BLUE LINE TO SHREWSBURY LANSDOWNE I-44","CONVENTION CENTER METROLINK STATION",333399,2,14,20:10:00,20:10:00,1
"RED LINE TO SHILOH SCOTT","CONVENTION CENTER METROLINK STATION",CC0033,2,27,20:11:00,20:11:00,1
"RED LINE TO LAMBERT AIRPORT TERMINAL #1","CONVENTION CENTER METROLINK STATION",CC0033,2,14,20:21:00,20:21:00,1
"BLUE LINE TO FAIRVIEW HEIGHTS","CONVENTION CENTER METROLINK STATION",333399,2,27,20:22:00,20:22:00,1
"BLUE LINE TO SHREWSBURY LANSDOWNE I-44","CONVENTION CENTER METROLINK STATION",333399,2,14,20:30:00,20:30:00,1
"RED LINE TO SHILOH SCOTT","CONVENTION CENTER METROLINK STATION",CC0033,2,27,20:31:00,20:31:00,1
"RED LINE TO LAMBERT AIRPORT TERMINAL #1","CONVENTION CENTER METROLINK STATION",CC0033,2,14,20:41:00,20:41:00,1
"BLUE LINE TO FAIRVIEW HEIGHTS","CONVENTION CENTER METROLINK STATION",333399,2,27,20:42:00,20:42:00,1
"BLUE LINE TO SHREWSBURY LANSDOWNE I-44","CONVENTION CENTER METROLINK STATION",333399,2,14,20:50:00,20:50:00,1
"RED LINE TO SHILOH SCOTT","CONVENTION CENTER METROLINK STATION",CC0033,2,27,20:51:00,20:51:00,1
"RED LINE TO LAMBERT AIRPORT TERMINAL #1","CONVENTION CENTER METROLINK STATION",CC0033,2,14,21:01:00,21:01:00,1
"BLUE LINE TO FAIRVIEW HEIGHTS","CONVENTION CENTER METROLINK STATION",333399,2,27,21:02:00,21:02:00,1
"BLUE LINE TO SHREWSBURY LANSDOWNE I-44","CONVENTION CENTER METROLINK STATION",333399,2,14,21:10:00,21:10:00,1
"RED LINE TO SHILOH SCOTT","CONVENTION CENTER METROLINK STATION",CC0033,2,27,21:11:00,21:11:00,1
"RED LINE TO LAMBERT AIRPORT TERMINAL #1","CONVENTION CENTER METROLINK STATION",CC0033,2,14,21:21:00,21:21:00,1
"BLUE LINE TO FAIRVIEW HEIGHTS","CONVENTION CENTER METROLINK STATION",333399,2,27,21:22:00,21:22:00,1
"BLUE LINE TO SHREWSBURY LANSDOWNE I-44","CONVENTION CENTER METROLINK STATION",333399,2,14,21:30:00,21:30:00,1
"RED LINE TO SHILOH SCOTT","CONVENTION CENTER METROLINK STATION",CC0033,2,27,21:31:00,21:31:00,1
"RED LINE TO LAMBERT AIRPORT TERMINAL #1","CONVENTION CENTER METROLINK STATION",CC0033,2,14,21:41:00,21:41:00,1
"BLUE LINE TO FAIRVIEW HEIGHTS","CONVENTION CENTER METROLINK STATION",333399,2,27,21:42:00,21:42:00,1
"BLUE LINE TO SHREWSBURY LANSDOWNE I-44","CONVENTION CENTER METROLINK STATION",333399,2,14,21:50:00,21:50:00,1
"RED LINE TO SHILOH SCOTT","CONVENTION CENTER METROLINK STATION",CC0033,2,27,21:51:00,21:51:00,1
"RED LINE TO LAMBERT AIRPORT TERMINAL #1","CONVENTION CENTER METROLINK STATION",CC0033,2,14,22:01:00,22:01:00,1
"BLUE LINE TO FAIRVIEW HEIGHTS","CONVENTION CENTER METROLINK STATION",333399,2,27,22:02:00,22:02:00,1
"BLUE LINE TO SHREWSBURY LANSDOWNE I-44","CONVENTION CENTER METROLINK STATION",333399,2,14,22:10:00,22:10:00,1
"RED LINE TO SHILOH SCOTT","CONVENTION CENTER METROLINK STATION",CC0033,2,27,22:11:00,22:11:00,1
"RED LINE TO LAMBERT AIRPORT TERMINAL #1","CONVENTION CENTER METROLINK STATION",CC0033,2,14,22:21:00,22:21:00,1
"BLUE LINE TO FAIRVIEW HEIGHTS","CONVENTION CENTER METROLINK STATION",333399,2,27,22:22:00,22:22:00,1
"BLUE LINE TO SHREWSBURY LANSDOWNE I-44","CONVENTION CENTER METROLINK STATION",333399,2,14,22:30:00,22:30:00,1
"RED LINE TO SHILOH SCOTT","CONVENTION CENTER METROLINK STATION",CC0033,2,27,22:31:00,22:31:00,1
"RED LINE TO LAMBERT AIRPORT TERMINAL #1","CONVENTION CENTER METROLINK STATION",CC0033,2,14,22:41:00,22:41:00,1
"BLUE LINE TO FAIRVIEW HEIGHTS","CONVENTION CENTER METROLINK STATION",333399,2,27,22:42:00,22:42:00,1
"BLUE LINE TO SHREWSBURY LANSDOWNE I-44","CONVENTION CENTER METROLINK STATION",333399,2,14,22:50:00,22:50:00,1
"RED LINE TO SHILOH SCOTT","CONVENTION CENTER METROLINK STATION",CC0033,2,27,22:51:00,22:51:00,1
"RED LINE TO LAMBERT AIRPORT TERMINAL #1","CONVENTION CENTER METROLINK STATION",CC0033,2,14,23:01:00,23:01:00,1
"BLUE LINE TO FAIRVIEW HEIGHTS","CONVENTION CENTER METROLINK STATION",333399,2,27,23:02:00,23:02:00,1
"BLUE LINE TO SHREWSBURY LANSDOWNE I-44","CONVENTION CENTER METROLINK STATION",333399,2,14,23:10:00,23:10:00,1
"RED LINE TO SHILOH SCOTT","CONVENTION CENTER METROLINK STATION",CC0033,2,27,23:11:00,23:11:00,1
"RED LINE TO LAMBERT AIRPORT TERMINAL #1","CONVENTION CENTER METROLINK STATION",CC0033,2,14,23:21:00,23:21:00,1
"BLUE LINE TO FAIRVIEW HEIGHTS","CONVENTION CENTER METROLINK STATION",333399,2,27,23:22:00,23:22:00,1
"RED LINE TO SHILOH SCOTT","CONVENTION CENTER METROLINK STATION",CC0033,2,27,23:31:00,23:31:00,1
"BLUE LINE TO EMERSON PARK","CONVENTION CENTER METROLINK STATION",333399,2,27,23:42:00,23:42:00,1
"BLUE LINE TO SHREWSBURY LANSDOWNE I-44","CONVENTION CENTER METROLINK STATION",333399,2,14,23:50:00,23:50:00,1
"RED LINE TO SHILOH SCOTT","CONVENTION CENTER METROLINK STATION",CC0033,2,27,23:51:00,23:51:00,1
"RED LINE TO LAMBERT AIRPORT TERMINAL #1","CONVENTION CENTER METROLINK STATION",CC0033,2,14,24:01:00,24:01:00,1
"BLUE LINE TO EMERSON PARK","CONVENTION CENTER METROLINK STATION",333399,2,27,24:02:00,24:02:00,1
"RED LINE TO FAIRVIEW HEIGHTS","CONVENTION CENTER METROLINK STATION",CC0033,2,27,24:11:00,24:11:00,1
"BLUE LINE TO FAIRVIEW HEIGHTS","CONVENTION CENTER METROLINK STATION",333399,2,27,24:22:00,24:22:00,1
"RED LINE TO FAIRVIEW HEIGHTS","CONVENTION CENTER METROLINK STATION",CC0033,2,27,24:31:00,24:31:00,1
