"RED LINE TO LAMBERT AIRPORT TERMINAL #1","JJK CENTER METROLINK STATION",CC0033,2,9,03:56:00,03:56:00,2
"BLUE LINE TO SHREWSBURY LANSDOWNE I-44","JJK CENTER METROLINK STATION",333399,2,9,04:09:00,04:09:00,2
"RED LINE TO LAMBERT AIRPORT TERMINAL #1","JJK CENTER METROLINK STATION",CC0033,2,9,04:22:00,04:22:00,2
"BLUE LINE TO SHREWSBURY LANSDOWNE I-44","JJK CENTER METROLINK STATION",333399,2,9,04:32:00,04:32:00,2
"RED LINE TO LAMBERT AIRPORT TERMINAL #1","JJK CENTER METROLINK STATION",CC0033,2,9,04:37:00,04:37:00,2
"BLUE LINE TO SHREWSBURY LANSDOWNE I-44","JJK CENTER METROLINK STATION",333399,2,9,04:41:00,04:41:00,2
"RED LINE TO LAMBERT AIRPORT TERMINAL #1","JJK CENTER METROLINK STATION",CC0033,2,9,04:55:00,04:55:00,2
"BLUE LINE TO SHREWSBURY LANSDOWNE I-44","JJK CENTER METROLINK STATION",333399,2,9,05:00:00,05:00:00,2
"RED LINE TO LAMBERT AIRPORT TERMINAL #1","JJK CENTER METROLINK STATION",CC0033,2,9,05:11:00,05:11:00,2
"BLUE LINE TO SHREWSBURY LANSDOWNE I-44","JJK CENTER METROLINK STATION",333399,2,9,05:20:00,05:20:00,2
"RED LINE TO LAMBERT AIRPORT TERMINAL #1","JJK CENTER METROLINK STATION",CC0033,2,9,05:31:00,05:31:00,2
"BLUE LINE TO SHREWSBURY LANSDOWNE I-44","JJK CENTER METROLINK STATION",333399,2,9,05:40:00,05:40:00,2
"RED LINE TO SHILOH SCOTT","JJK CENTER METROLINK STATION",CC0033,2,32,05:41:00,05:41:00,2
"RED LINE TO LAMBERT AIRPORT TERMINAL #1","JJK CENTER METROLINK STATION",CC0033,2,9,05:51:00,05:51:00,2
"BLUE LINE TO FAIRVIEW HEIGHTS","JJK CENTER METROLINK STATION",333399,2,32,05:52:00,05:52:00,2
"BLUE LINE TO SHREWSBURY LANSDOWNE I-44","JJK CENTER METROLINK STATION",333399,2,9,06:00:00,06:00:00,2
"RED LINE TO SHILOH SCOTT","JJK CENTER METROLINK STATION",CC0033,2,32,06:01:00,06:01:00,2
"RED LINE TO LAMBERT AIRPORT TERMINAL #1","JJK CENTER METROLINK STATION",CC0033,2,9,06:11:00,06:11:00,2
"BLUE LINE TO FAIRVIEW HEIGHTS","JJK CENTER METROLINK STATION",333399,2,32,06:12:00,06:12:00,2
"BLUE LINE TO SHREWSBURY LANSDOWNE I-44","JJK CENTER METROLINK STATION",333399,2,9,06:20:00,06:20:00,2
"RED LINE TO SHILOH SCOTT","JJK CENTER METROLINK STATION",CC0033,2,32,06:21:00,06:21:00,2
"RED LINE TO LAMBERT AIRPORT TERMINAL #1","JJK CENTER METROLINK STATION",CC0033,2,9,06:31:00,06:31:00,2
"BLUE LINE TO FAIRVIEW HEIGHTS","JJK CENTER METROLINK STATION",333399,2,32,06:32:00,06:32:00,2
"BLUE LINE TO SHREWSBURY LANSDOWNE I-44","JJK CENTER METROLINK STATION",333399,2,9,06:40:00,06:40:00,2
"RED LINE TO SHILOH SCOTT","JJK CENTER METROLINK STATION",CC0033,2,32,06:41:00,06:41:00,2
"RED LINE TO LAMBERT AIRPORT TERMINAL #1","JJK CENTER METROLINK STATION",CC0033,2,9,06:51:00,06:51:00,2
"BLUE LINE TO FAIRVIEW HEIGHTS","JJK CENTER METROLINK STATION",333399,2,32,06:52:00,06:52:00,2
"BLUE LINE TO SHREWSBURY LANSDOWNE I-44","JJK CENTER METROLINK STATION",333399,2,9,07:00:00,07:00:00,2
"RED LINE TO SHILOH SCOTT","JJK CENTER METROLINK STATION",CC0033,2,32,07:01:00,07:01:00,2
"RED LINE TO LAMBERT AIRPORT TERMINAL #1","JJK CENTER METROLINK STATION",CC0033,2,9,07:11:00,07:11:00,2
"BLUE LINE TO FAIRVIEW HEIGHTS","JJK CENTER METROLINK STATION",333399,2,32,07:12:00,07:12:00,2
"BLUE LINE TO SHREWSBURY LANSDOWNE I-44","JJK CENTER METROLINK STATION",333399,2,9,07:20:00,07:20:00,2
"RED LINE TO SHILOH SCOTT","JJK CENTER METROLINK STATION",CC0033,2,32,07:21:00,07:21:00,2
"RED LINE TO LAMBERT AIRPORT TERMINAL #1","JJK CENTER METROLINK STATION",CC0033,2,9,07:31:00,07:31:00,2
"BLUE LINE TO FAIRVIEW HEIGHTS","JJK CENTER METROLINK STATION",333399,2,32,07:32:00,07:32:00,2
"BLUE LINE TO SHREWSBURY LANSDOWNE I-44","JJK CENTER METROLINK STATION",333399,2,9,07:40:00,07:40:00,2
"RED LINE TO SHILOH SCOTT","JJK CENTER METROLINK STATION",CC0033,2,32,07:41:00,07:41:00,2
"RED LINE TO LAMBERT AIRPORT TERMINAL #1","JJK CENTER METROLINK STATION",CC0033,2,9,07:51:00,07:51:00,2
"BLUE LINE TO FAIRVIEW HEIGHTS","JJK CENTER METROLINK STATION",333399,2,32,07:52:00,07:52:00,2
"BLUE LINE TO SHREWSBURY LANSDOWNE I-44","JJK CENTER METROLINK STATION",333399,2,9,08:00:00,08:00:00,2
"RED LINE TO SHILOH SCOTT","JJK CENTER METROLINK STATION",CC0033,2,32,08:01:00,08:01:00,2
"RED LINE TO LAMBERT AIRPORT TERMINAL #1","JJK CENTER METROLINK STATION",CC0033,2,9,08:11:00,08:11:00,2
"BLUE LINE TO FAIRVIEW HEIGHTS","JJK CENTER METROLINK STATION",333399,2,32,08:12:00,08:12:00,2
"BLUE LINE TO SHREWSBURY LANSDOWNE I-44","JJK CENTER METROLINK STATION",333399,2,9,08:20:00,08:20:00,2
"RED LINE TO SHILOH SCOTT","JJK CENTER METROLINK STATION",CC0033,2,32,08:21:00,08:21:00,2
"RED LINE TO LAMBERT AIRPORT TERMINAL #1","JJK CENTER METROLINK STATION",CC0033,2,9,08:31:00,08:31:00,2
"BLUE LINE TO FAIRVIEW HEIGHTS","JJK CENTER METROLINK STATION",333399,2,32,08:32:00,08:32:00,2
"BLUE LINE TO SHREWSBURY LANSDOWNE I-44","JJK CENTER METROLINK STATION",333399,2,9,08:40:00,08:40:00,2
"RED LINE TO SHILOH SCOTT","JJK CENTER METROLINK STATION",CC0033,2,32,08:41:00,08:41:00,2
"RED LINE TO LAMBERT AIRPORT TERMINAL #1","JJK CENTER METROLINK STATION",CC0033,2,9,08:51:00,08:51:00,2
"BLUE LINE TO FAIRVIEW HEIGHTS","JJK CENTER METROLINK STATION",333399,2,32,08:52:00,08:52:00,2
"BLUE LINE TO SHREWSBURY LANSDOWNE I-44","JJK CENTER METROLINK STATION",333399,2,9,09:00:00,09:00:00,2
"RED LINE TO SHILOH SCOTT","JJK CENTER METROLINK STATION",CC0033,2,32,09:01:00,09:01:00,2
"RED LINE TO LAMBERT AIRPORT TERMINAL #1","JJK CENTER METROLINK STATION",CC0033,2,9,09:11:00,09:11:00,2
"BLUE LINE TO FAIRVIEW HEIGHTS","JJK CENTER METROLINK STATION",333399,2,32,09:12:00,09:12:00,2
"BLUE LINE TO SHREWSBURY LANSDOWNE I-44","JJK CENTER METROLINK STATION",333399,2,9,09:20:00,09:20:00,2
"RED LINE TO SHILOH SCOTT","JJK CENTER METROLINK STATION",CC0033,2,32,09:21:00,09:21:00,2
"RED LINE TO LAMBERT AIRPORT TERMINAL #1","JJK CENTER METROLINK STATION",CC0033,2,9,09:31:00,09:31:00,2
"BLUE LINE TO FAIRVIEW HEIGHTS","JJK CENTER METROLINK STATION",333399,2,32,09:32:00,09:32:00,2
"BLUE LINE TO SHREWSBURY LANSDOWNE I-44","JJK CENTER METROLINK STATION",333399,2,9,09:40:00,09:40:00,2
"RED LINE TO SHILOH SCOTT","JJK CENTER METROLINK STATION",CC0033,2,32,09:41:00,09:41:00,2
"RED LINE TO LAMBERT AIRPORT TERMINAL #1","JJK CENTER METROLINK STATION",CC0033,2,9,09:51:00,09:51:00,2
"BLUE LINE TO FAIRVIEW HEIGHTS","JJK CENTER METROLINK STATION",333399,2,32,09:52:00,09:52:00,2
"BLUE LINE TO SHREWSBURY LANSDOWNE I-44","JJK CENTER METROLINK STATION",333399,2,9,10:00:00,10:00:00,2
"RED LINE TO SHILOH SCOTT","JJK CENTER METROLINK STATION",CC0033,2,32,10:01:00,10:01:00,2
"RED LINE TO LAMBERT AIRPORT TERMINAL #1","JJK CENTER METROLINK STATION",CC0033,2,9,10:11:00,10:11:00,2
"BLUE LINE TO FAIRVIEW HEIGHTS","JJK CENTER METROLINK STATION",333399,2,32,10:12:00,10:12:00,2
"BLUE LINE TO SHREWSBURY LANSDOWNE I-44","JJK CENTER METROLINK STATION",333399,2,9,10:20:00,10:20:00,2
"RED LINE TO SHILOH SCOTT","JJK CENTER METROLINK STATION",CC0033,2,32,10:21:00,10:21:00,2
"RED LINE TO LAMBERT AIRPORT TERMINAL #1","JJK CENTER METROLINK STATION",CC0033,2,9,10:31:00,10:31:00,2
"BLUE LINE TO FAIRVIEW HEIGHTS","JJK CENTER METROLINK STATION",333399,2,32,10:32:00,10:32:00,2
"BLUE LINE TO SHREWSBURY LANSDOWNE I-44","JJK CENTER METROLINK STATION",333399,2,9,10:40:00,10:40:00,2
"RED LINE TO SHILOH SCOTT","JJK CENTER METROLINK STATION",CC0033,2,32,10:41:00,10:41:00,2
"RED LINE TO LAMBERT AIRPORT TERMINAL #1","JJK CENTER METROLINK STATION",CC0033,2,9,10:51:00,10:51:00,2
"BLUE LINE TO FAIRVIEW HEIGHTS","JJK CENTER METROLINK STATION",333399,2,32,10:52:00,10:52:00,2
"BLUE LINE TO SHREWSBURY LANSDOWNE I-44","JJK CENTER METROLINK STATION",333399,2,9,11:00:00,11:00:00,2
"RED LINE TO SHILOH SCOTT","JJK CENTER METROLINK STATION",CC0033,2,32,11:01:00,11:01:00,2
"RED LINE TO LAMBERT AIRPORT TERMINAL #1","JJK CENTER METROLINK STATION",CC0033,2,9,11:11:00,11:11:00,2
"BLUE LINE TO FAIRVIEW HEIGHTS","JJK CENTER METROLINK STATION",333399,2,32,11:12:00,11:12:00,2
"BLUE LINE TO SHREWSBURY LANSDOWNE I-44","JJK CENTER METROLINK STATION",333399,2,9,11:20:00,11:20:00,2
"RED LINE TO SHILOH SCOTT","JJK CENTER METROLINK STATION",CC0033,2,32,11:21:00,11:21:00,2
"RED LINE TO LAMBERT AIRPORT TERMINAL #1","JJK CENTER METROLINK STATION",CC0033,2,9,11:31:00,11:31:00,2
"BLUE LINE TO FAIRVIEW HEIGHTS","JJK CENTER METROLINK STATION",333399,2,32,11:32:00,11:32:00,2
"BLUE LINE TO SHREWSBURY LANSDOWNE I-44","JJK CENTER METROLINK STATION",333399,2,9,11:40:00,11:40:00,2
"RED LINE TO SHILOH SCOTT","JJK CENTER METROLINK STATION",CC0033,2,32,11:41:00,11:41:00,2
"RED LINE TO LAMBERT AIRPORT TERMINAL #1","JJK CENTER METROLINK STATION",CC0033,2,9,11:51:00,11:51:00,2
"BLUE LINE TO FAIRVIEW HEIGHTS","JJK CENTER METROLINK STATION",333399,2,32,11:52:00,11:52:00,2
"BLUE LINE TO SHREWSBURY LANSDOWNE I-44","JJK CENTER METROLINK STATION",333399,2,9,12:00:00,12:00:00,2
"RED LINE TO SHILOH SCOTT","JJK CENTER METROLINK STATION",CC0033,2,32,12:01:00,12:01:00,2
"RED LINE TO LAMBERT AIRPORT TERMINAL #1","JJK CENTER METROLINK STATION",CC0033,2,9,12:11:00,12:11:00,2
"BLUE LINE TO FAIRVIEW HEIGHTS","JJK CENTER METROLINK STATION",333399,2,32,12:12:00,12:12:00,2
"BLUE LINE TO SHREWSBURY LANSDOWNE I-44","JJK CENTER METROLINK STATION",333399,2,9,12:20:00,12:20:00,2
"RED LINE TO SHILOH SCOTT","JJK CENTER METROLINK STATION",CC0033,2,32,12:21:00,12:21:00,2
"RED LINE TO LAMBERT AIRPORT TERMINAL #1","JJK CENTER METROLINK STATION",CC0033,2,9,12:31:00,12:31:00,2
"BLUE LINE TO FAIRVIEW HEIGHTS","JJK CENTER METROLINK STATION",333399,2,32,12:32:00,12:32:00,2
"BLUE LINE TO SHREWSBURY LANSDOWNE I-44","JJK CENTER METROLINK STATION",333399,2,9,12:40:00,12:40:00,2
"RED LINE TO SHILOH SCOTT","JJK CENTER METROLINK STATION",CC0033,2,32,12:41:00,12:41:00,2
"RED LINE TO LAMBERT AIRPORT TERMINAL #1","JJK CENTER METROLINK STATION",CC0033,2,9,12:51:00,12:51:00,2
"BLUE LINE TO FAIRVIEW HEIGHTS","JJK CENTER METROLINK STATION",333399,2,32,12:52:00,12:52:00,2
"BLUE LINE TO SHREWSBURY LANSDOWNE I-44","JJK CENTER METROLINK STATION",333399,2,9,13:00:00,13:00:00,2
"RED LINE TO SHILOH SCOTT","JJK CENTER METROLINK STATION",CC0033,2,32,13:01:00,13:01:00,2
"RED LINE TO LAMBERT AIRPORT TERMINAL #1","JJK CENTER METROLINK STATION",CC0033,2,9,13:11:00,13:11:00,2
"BLUE LINE TO FAIRVIEW HEIGHTS","JJK CENTER METROLINK STATION",333399,2,32,13:12:00,13:12:00,2
"BLUE LINE TO SHREWSBURY LANSDOWNE I-44","JJK CENTER METROLINK STATION",333399,2,9,13:20:00,13:20:00,2
"RED LINE TO SHILOH SCOTT","JJK CENTER METROLINK STATION",CC0033,2,32,13:21:00,13:21:00,2
"RED LINE TO LAMBERT AIRPORT TERMINAL #1","JJK CENTER METROLINK STATION",CC0033,2,9,13:31:00,13:31:00,2
"BLUE LINE TO FAIRVIEW HEIGHTS","JJK CENTER METROLINK STATION",333399,2,32,13:32:00,13:32:00,2
"BLUE LINE TO SHREWSBURY LANSDOWNE I-44","JJK CENTER METROLINK STATION",333399,2,9,13:40:00,13:40:00,2
"RED LINE TO SHILOH SCOTT","JJK CENTER METROLINK STATION",CC0033,2,32,13:41:00,13:41:00,2
"RED LINE TO LAMBERT AIRPORT TERMINAL #1","JJK CENTER METROLINK STATION",CC0033,2,9,13:51:00,13:51:00,2
"BLUE LINE TO FAIRVIEW HEIGHTS","JJK CENTER METROLINK STATION",333399,2,32,13:52:00,13:52:00,2
"BLUE LINE TO SHREWSBURY LANSDOWNE I-44","JJK CENTER METROLINK STATION",333399,2,9,14:00:00,14:00:00,2
"RED LINE TO SHILOH SCOTT","JJK CENTER METROLINK STATION",CC0033,2,32,14:01:00,14:01:00,2
"RED LINE TO LAMBERT AIRPORT TERMINAL #1","JJK CENTER METROLINK STATION",CC0033,2,9,14:11:00,14:11:00,2
"BLUE LINE TO FAIRVIEW HEIGHTS","JJK CENTER METROLINK STATION",333399,2,32,14:12:00,14:12:00,2
"BLUE LINE TO SHREWSBURY LANSDOWNE I-44","JJK CENTER METROLINK STATION",333399,2,9,14:20:00,14:20:00,2
"RED LINE TO SHILOH SCOTT","JJK CENTER METROLINK STATION",CC0033,2,32,14:21:00,14:21:00,2
"RED LINE TO LAMBERT AIRPORT TERMINAL #1","JJK CENTER METROLINK STATION",CC0033,2,9,14:31:00,14:31:00,2
"BLUE LINE TO FAIRVIEW HEIGHTS","JJK CENTER METROLINK STATION",333399,2,32,14:32:00,14:32:00,2
"BLUE LINE TO SHREWSBURY LANSDOWNE I-44","JJK CENTER METROLINK STATION",333399,2,9,14:40:00,14:40:00,2
"RED LINE TO SHILOH SCOTT","JJK CENTER METROLINK STATION",CC0033,2,32,14:41:00,14:41:00,2
"RED LINE TO LAMBERT AIRPORT TERMINAL #1","JJK CENTER METROLINK STATION",CC0033,2,9,14:51:00,14:51:00,2
"BLUE LINE TO FAIRVIEW HEIGHTS","JJK CENTER METROLINK STATION",333399,2,32,14:52:00,14:52:00,2
"BLUE LINE TO SHREWSBURY LANSDOWNE I-44","JJK CENTER METROLINK STATION",333399,2,9,15:00:00,15:00:00,2
"RED LINE TO SHILOH SCOTT","JJK CENTER METROLINK STATION",CC0033,2,32,15:01:00,15:01:00,2
"RED LINE TO LAMBERT AIRPORT TERMINAL #1","JJK CENTER METROLINK STATION",CC0033,2,9,15:11:00,15:11:00,2
"BLUE LINE TO FAIRVIEW HEIGHTS","JJK CENTER METROLINK STATION",333399,2,32,15:12:00,15:12:00,2
"BLUE LINE TO SHREWSBURY LANSDOWNE I-44","JJK CENTER METROLINK STATION",333399,2,9,15:20:00,15:20:00,2
"RED LINE TO SHILOH SCOTT","JJK CENTER METROLINK STATION",CC0033,2,32,15:21:00,15:21:00,2
"RED LINE TO LAMBERT AIRPORT TERMINAL #1","JJK CENTER METROLINK STATION",CC0033,2,9,15:31:00,15:31:00,2
"BLUE LINE TO FAIRVIEW HEIGHTS","JJK CENTER METROLINK STATION",333399,2,32,15:32:00,15:32:00,2
"BLUE LINE TO SHREWSBURY LANSDOWNE I-44","JJK CENTER METROLINK STATION",333399,2,9,15:40:00,15:40:00,2
"RED LINE TO SHILOH SCOTT","JJK CENTER METROLINK STATION",CC0033,2,32,15:41:00,15:41:00,2
"RED LINE TO LAMBERT AIRPORT TERMINAL #1","JJK CENTER METROLINK STATION",CC0033,2,9,15:51:00,15:51:00,2
"BLUE LINE TO FAIRVIEW HEIGHTS","JJK CENTER METROLINK STATION",333399,2,32,15:52:00,15:52:00,2
"BLUE LINE TO SHREWSBURY LANSDOWNE I-44","JJK CENTER METROLINK STATION",333399,2,9,16:00:00,16:00:00,2
"RED LINE TO SHILOH SCOTT","JJK CENTER METROLINK STATION",CC0033,2,32,16:01:00,16:01:00,2
"RED LINE TO LAMBERT AIRPORT TERMINAL #1","JJK CENTER METROLINK STATION",CC0033,2,9,16:11:00,16:11:00,2
"BLUE LINE TO FAIRVIEW HEIGHTS","JJK CENTER METROLINK STATION",333399,2,32,16:12:00,16:12:00,2
"BLUE LINE TO SHREWSBURY LANSDOWNE I-44","JJK CENTER METROLINK STATION",333399,2,9,16:20:00,16:20:00,2
"RED LINE TO SHILOH SCOTT","JJK CENTER METROLINK STATION",CC0033,2,32,16:21:00,16:21:00,2
"RED LINE TO LAMBERT AIRPORT TERMINAL #1","JJK CENTER METROLINK STATION",CC0033,2,9,16:31:00,16:31:00,2
"BLUE LINE TO FAIRVIEW HEIGHTS","JJK CENTER METROLINK STATION",333399,2,32,16:32:00,16:32:00,2
"BLUE LINE TO SHREWSBURY LANSDOWNE I-44","JJK CENTER METROLINK STATION",333399,2,9,16:40:00,16:40:00,2
"RED LINE TO SHILOH SCOTT","JJK CENTER METROLINK STATION",CC0033,2,32,16:41:00,16:41:00,2
"RED LINE TO LAMBERT AIRPORT TERMINAL #1","JJK CENTER METROLINK STATION",CC0033,2,9,16:51:00,16:51:00,2
"BLUE LINE TO FAIRVIEW HEIGHTS","JJK CENTER METROLINK STATION",333399,2,32,16:52:00,16:52:00,2
"BLUE LINE TO SHREWSBURY LANSDOWNE I-44","JJK CENTER METROLINK STATION",333399,2,9,17:00:00,17:00:00,2
"RED LINE TO SHILOH SCOTT","JJK CENTER METROLINK STATION",CC0033,2,32,17:01:00,17:01:00,2
"RED LINE TO LAMBERT AIRPORT TERMINAL #1","JJK CENTER METROLINK STATION",CC0033,2,9,17:11:00,17:11:00,2
"BLUE LINE TO FAIRVIEW HEIGHTS","JJK CENTER METROLINK STATION",333399,2,32,17:12:00,17:12:00,2
"BLUE LINE TO SHREWSBURY LANSDOWNE I-44","JJK CENTER METROLINK STATION",333399,2,9,17:20:00,17:20:00,2
"RED LINE TO SHILOH SCOTT","JJK CENTER METROLINK STATION",CC0033,2,32,17:21:00,17:21:00,2
"RED LINE TO LAMBERT AIRPORT TERMINAL #1","JJK CENTER METROLINK STATION",CC0033,2,9,17:31:00,17:31:00,2
"BLUE LINE TO FAIRVIEW HEIGHTS","JJK CENTER METROLINK STATION",333399,2,32,17:32:00,17:32:00,2
"BLUE LINE TO SHREWSBURY LANSDOWNE I-44","JJK CENTER METROLINK STATION",333399,2,9,17:40:00,17:40:00,2
"RED LINE TO SHILOH SCOTT","JJK CENTER METROLINK STATION",CC0033,2,32,17:41:00,17:41:00,2
"RED LINE TO LAMBERT AIRPORT TERMINAL #1","JJK CENTER METROLINK STATION",CC0033,2,9,17:51:00,17:51:00,2
"BLUE LINE TO FAIRVIEW HEIGHTS","JJK CENTER METROLINK STATION",333399,2,32,17:52:00,17:52:00,2
"BLUE LINE TO SHREWSBURY LANSDOWNE I-44","JJK CENTER METROLINK STATION",333399,2,9,18:00:00,18:00:00,2
"RED LINE TO SHILOH SCOTT","JJK CENTER METROLINK STATION",CC0033,2,32,18:01:00,18:01:00,2
"RED LINE TO LAMBERT AIRPORT TERMINAL #1","JJK CENTER METROLINK STATION",CC0033,2,9,18:11:00,18:11:00,2
"BLUE LINE TO FAIRVIEW HEIGHTS","JJK CENTER METROLINK STATION",333399,2,32,18:12:00,18:12:00,2
"BLUE LINE TO SHREWSBURY LANSDOWNE I-44","JJK CENTER METROLINK STATION",333399,2,9,18:20:00,18:20:00,2
"RED LINE TO SHILOH SCOTT","JJK CENTER METROLINK STATION",CC0033,2,32,18:21:00,18:21:00,2
"RED LINE TO LAMBERT AIRPORT TERMINAL #1","JJK CENTER METROLINK STATION",CC0033,2,9,18:31:00,18:31:00,2
"BLUE LINE TO FAIRVIEW HEIGHTS","JJK CENTER METROLINK STATION",333399,2,32,18:32:00,18:32:00,2
"BLUE LINE TO SHREWSBURY LANSDOWNE I-44","JJK CENTER METROLINK STATION",333399,2,9,18:40:00,18:40:00,2
"RED LINE TO SHILOH SCOTT","JJK CENTER METROLINK STATION",CC0033,2,32,18:41:00,18:41:00,2
"RED LINE TO LAMBERT AIRPORT TERMINAL #1","JJK CENTER METROLINK STATION",CC0033,2,9,18:51:00,18:51:00,2
"BLUE LINE TO FAIRVIEW HEIGHTS","JJK CENTER METROLINK STATION",333399,2,32,18:52:00,18:52:00,2
"BLUE LINE TO SHREWSBURY LANSDOWNE I-44","JJK CENTER METROLINK STATION",333399,2,9,19:00:00,19:00:00,2
"RED LINE TO SHILOH SCOTT","JJK CENTER METROLINK STATION",CC0033,2,32,19:01:00,19:01:00,2
"RED LINE TO LAMBERT AIRPORT TERMINAL #1","JJK CENTER METROLINK STATION",CC0033,2,9,19:11:00,19:11:00,2
"BLUE LINE TO FAIRVIEW HEIGHTS","JJK CENTER METROLINK STATION",333399,2,32,19:12:00,19:12:00,2
"BLUE LINE TO SHREWSBURY LANSDOWNE I-44","JJK CENTER METROLINK STATION",333399,2,9,19:20:00,19:20:00,2
"RED LINE TO SHILOH SCOTT","JJK CENTER METROLINK STATION",CC0033,2,32,19:21:00,19:21:00,2
"RED LINE TO LAMBERT AIRPORT TERMINAL #1","JJK CENTER METROLINK STATION",CC0033,2,9,19:31:00,19:31:00,2
"BLUE LINE TO FAIRVIEW HEIGHTS","JJK CENTER METROLINK STATION",333399,2,32,19:32:00,19:32:00,2
"BLUE LINE TO SHREWSBURY LANSDOWNE I-44","JJK CENTER METROLINK STATION",333399,2,9,19:40:00,19:40:00,2
"RED LINE TO SHILOH SCOTT","JJK CENTER METROLINK STATION",CC0033,2,32,19:41:00,19:41:00,2
"RED LINE TO LAMBERT AIRPORT TERMINAL #1","JJK CENTER METROLINK STATION",CC0033,2,9,19:51:00,19:51:00,2
"BLUE LINE TO FAIRVIEW HEIGHTS","JJK CENTER METROLINK STATION",333399,2,32,19:52:00,19:52:00,2
"BLUE LINE TO SHREWSBURY LANSDOWNE I-44","JJK CENTER METROLINK STATION",333399,2,9,20:00:00,20:00:00,2
"RED LINE TO SHILOH SCOTT","JJK CENTER METROLINK STATION",CC0033,2,32,20:01:00,20:01:00,2
"RED LINE TO LAMBERT AIRPORT TERMINAL #1","JJK CENTER METROLINK STATION",CC0033,2,9,20:11:00,20:11:00,2
"BLUE LINE TO FAIRVIEW HEIGHTS","JJK CENTER METROLINK STATION",333399,2,32,20:12:00,20:12:00,2
"BLUE LINE TO SHREWSBURY LANSDOWNE I-44","JJK CENTER METROLINK STATION",333399,2,9,20:20:00,20:20:00,2
"RED LINE TO SHILOH SCOTT","JJK CENTER METROLINK STATION",CC0033,2,32,20:21:00,20:21:00,2
"RED LINE TO LAMBERT AIRPORT TERMINAL #1","JJK CENTER METROLINK STATION",CC0033,2,9,20:31:00,20:31:00,2
"BLUE LINE TO FAIRVIEW HEIGHTS","JJK CENTER METROLINK STATION",333399,2,32,20:32:00,20:32:00,2
"BLUE LINE TO SHREWSBURY LANSDOWNE I-44","JJK CENTER METROLINK STATION",333399,2,9,20:40:00,20:40:00,2
"RED LINE TO SHILOH SCOTT","JJK CENTER METROLINK STATION",CC0033,2,32,20:41:00,20:41:00,2
"RED LINE TO LAMBERT AIRPORT TERMINAL #1","JJK CENTER METROLINK STATION",CC0033,2,9,20:51:00,20:51:00,2
"BLUE LINE TO FAIRVIEW HEIGHTS","JJK CENTER METROLINK STATION",333399,2,32,20:52:00,20:52:00,2
"BLUE LINE TO SHREWSBURY LANSDOWNE I-44","JJK CENTER METROLINK STATION",333399,2,9,21:00:00,21:00:00,2
"RED LINE TO SHILOH SCOTT","JJK CENTER METROLINK STATION",CC0033,2,32,21:01:00,21:01:00,2
"RED LINE TO LAMBERT AIRPORT TERMINAL #1","JJK CENTER METROLINK STATION",CC0033,2,9,21:11:00,21:11:00,2
"BLUE LINE TO FAIRVIEW HEIGHTS","JJK CENTER METROLINK STATION",333399,2,32,21:12:00,21:12:00,2
"BLUE LINE TO SHREWSBURY LANSDOWNE I-44","JJK CENTER METROLINK STATION",333399,2,9,21:20:00,21:20:00,2
"RED LINE TO SHILOH SCOTT","JJK CENTER METROLINK STATION",CC0033,2,32,21:21:00,21:21:00,2
"RED LINE TO LAMBERT AIRPORT TERMINAL #1","JJK CENTER METROLINK STATION",CC0033,2,9,21:31:00,21:31:00,2
"BLUE LINE TO FAIRVIEW HEIGHTS","JJK CENTER METROLINK STATION",333399,2,32,21:32:00,21:32:00,2
"BLUE LINE TO SHREWSBURY LANSDOWNE I-44","JJK CENTER METROLINK STATION",333399,2,9,21:40:00,21:40:00,2
"RED LINE TO SHILOH SCOTT","JJK CENTER METROLINK STATION",CC0033,2,32,21:41:00,21:41:00,2
"RED LINE TO LAMBERT AIRPORT TERMINAL #1","JJK CENTER METROLINK STATION",CC0033,2,9,21:51:00,21:51:00,2
"BLUE LINE TO FAIRVIEW HEIGHTS","JJK CENTER METROLINK STATION",333399,2,32,21:52:00,21:52:00,2
"BLUE LINE TO SHREWSBURY LANSDOWNE I-44","JJK CENTER METROLINK STATION",333399,2,9,22:00:00,22:00:00,2
"RED LINE TO SHILOH SCOTT","JJK CENTER METROLINK STATION",CC0033,2,32,22:01:00,22:01:00,2
"RED LINE TO LAMBERT AIRPORT TERMINAL #1","JJK CENTER METROLINK STATION",CC0033,2,9,22:11:00,22:11:00,2
"BLUE LINE TO FAIRVIEW HEIGHTS","JJK CENTER METROLINK STATION",333399,2,32,22:12:00,22:12:00,2
"BLUE LINE TO SHREWSBURY LANSDOWNE I-44","JJK CENTER METROLINK STATION",333399,2,9,22:20:00,22:20:00,2
"RED LINE TO SHILOH SCOTT","JJK CENTER METROLINK STATION",CC0033,2,32,22:21:00,22:21:00,2
"RED LINE TO LAMBERT AIRPORT TERMINAL #1","JJK CENTER METROLINK STATION",CC0033,2,9,22:31:00,22:31:00,2
"BLUE LINE TO FAIRVIEW HEIGHTS","JJK CENTER METROLINK STATION",333399,2,32,22:32:00,22:32:00,2
"BLUE LINE TO SHREWSBURY LANSDOWNE I-44","JJK CENTER METROLINK STATION",333399,2,9,22:40:00,22:40:00,2
"RED LINE TO SHILOH SCOTT","JJK CENTER METROLINK STATION",CC0033,2,32,22:41:00,22:41:00,2
"RED LINE TO LAMBERT AIRPORT TERMINAL #1","JJK CENTER METROLINK STATION",CC0033,2,9,22:51:00,22:51:00,2
"BLUE LINE TO FAIRVIEW HEIGHTS","JJK CENTER METROLINK STATION",333399,2,32,22:52:00,22:52:00,2
"BLUE LINE TO SHREWSBURY LANSDOWNE I-44","JJK CENTER METROLINK STATION",333399,2,9,23:00:00,23:00:00,2
"RED LINE TO SHILOH SCOTT","JJK CENTER METROLINK STATION",CC0033,2,32,23:01:00,23:01:00,2
"RED LINE TO LAMBERT AIRPORT TERMINAL #1","JJK CENTER METROLINK STATION",CC0033,2,9,23:11:00,23:11:00,2
"BLUE LINE TO FAIRVIEW HEIGHTS","JJK CENTER METROLINK STATION",333399,2,32,23:12:00,23:12:00,2
"RED LINE TO SHILOH SCOTT","JJK CENTER METROLINK STATION",CC0033,2,32,23:21:00,23:21:00,2
"BLUE LINE TO FAIRVIEW HEIGHTS","JJK CENTER METROLINK STATION",333399,2,32,23:32:00,23:32:00,2
"BLUE LINE TO SHREWSBURY LANSDOWNE I-44","JJK CENTER METROLINK STATION",333399,2,9,23:40:00,23:40:00,2
"RED LINE TO SHILOH SCOTT","JJK CENTER METROLINK STATION",CC0033,2,32,23:41:00,23:41:00,2
"RED LINE TO LAMBERT AIRPORT TERMINAL #1","JJK CENTER METROLINK STATION",CC0033,2,9,23:51:00,23:51:00,2
"RED LINE TO SHILOH SCOTT","JJK CENTER METROLINK STATION",CC0033,2,32,24:01:00,24:01:00,2
"RED LINE TO FAIRVIEW HEIGHTS","JJK CENTER METROLINK STATION",CC0033,2,32,24:21:00,24:21:00,2
"BLUE LINE TO FAIRVIEW HEIGHTS","JJK CENTER METROLINK STATION",333399,2,32,24:32:00,24:32:00,2
"RED LINE TO FAIRVIEW HEIGHTS","JJK CENTER METROLINK STATION",CC0033,2,32,24:41:00,24:41:00,2
