"RED LINE TO LAMBERT AIRPORT TERMINAL #1","STADIUM METROLINK STATION",CC0033,2,16,04:12:00,04:12:00,2
"BLUE LINE TO SHREWSBURY LANSDOWNE I-44","STADIUM METROLINK STATION",333399,2,16,04:22:00,04:22:00,2
"RED LINE TO LAMBERT AIRPORT TERMINAL #1","STADIUM METROLINK STATION",CC0033,2,16,04:35:00,04:35:00,2
"BLUE LINE TO SHREWSBURY LANSDOWNE I-44","STADIUM METROLINK STATION",333399,2,16,04:45:00,04:45:00,2
"RED LINE TO LAMBERT AIRPORT TERMINAL #1","STADIUM METROLINK STATION",CC0033,2,16,04:50:00,04:50:00,2
"BLUE LINE TO SHREWSBURY LANSDOWNE I-44","STADIUM METROLINK STATION",333399,2,16,04:54:00,04:54:00,2
"RED LINE TO LAMBERT AIRPORT TERMINAL #1","STADIUM METROLINK STATION",CC0033,2,16,05:08:00,05:08:00,2
"BLUE LINE TO SHREWSBURY LANSDOWNE I-44","STADIUM METROLINK STATION",333399,2,16,05:13:00,05:13:00,2
"RED LINE TO LAMBERT AIRPORT TERMINAL #1","STADIUM METROLINK STATION",CC0033,2,16,05:24:00,05:24:00,2
"RED LINE TO SHILOH SCOTT","STADIUM METROLINK STATION",CC0033,2,25,05:28:00,05:28:00,2
"BLUE LINE TO SHREWSBURY LANSDOWNE I-44","STADIUM METROLINK STATION",333399,2,16,05:33:00,05:33:00,2
"BLUE LINE TO FAIRVIEW HEIGHTS","STADIUM METROLINK STATION",333399,2,25,05:39:00,05:39:00,2
"RED LINE TO LAMBERT AIRPORT TERMINAL #1","STADIUM METROLINK STATION",CC0033,2,16,05:44:00,05:44:00,2
"RED LINE TO SHILOH SCOTT","STADIUM METROLINK STATION",CC0033,2,25,05:48:00,05:48:00,2
"BLUE LINE TO SHREWSBURY LANSDOWNE I-44","STADIUM METROLINK STATION",333399,2,16,05:53:00,05:53:00,2
"BLUE LINE TO FAIRVIEW HEIGHTS","STADIUM METROLINK STATION",333399,2,25,05:59:00,05:59:00,2
"RED LINE TO LAMBERT AIRPORT TERMINAL #1","STADIUM METROLINK STATION",CC0033,2,16,06:04:00,06:04:00,2
"RED LINE TO SHILOH SCOTT","STADIUM METROLINK STATION",CC0033,2,25,06:08:00,06:08:00,2
"BLUE LINE TO SHREWSBURY LANSDOWNE I-44","STADIUM METROLINK STATION",333399,2,16,06:13:00,06:13:00,2
"BLUE LINE TO FAIRVIEW HEIGHTS","STADIUM METROLINK STATION",333399,2,25,06:19:00,06:19:00,2
"RED LINE TO LAMBERT AIRPORT TERMINAL #1","STADIUM METROLINK STATION",CC0033,2,16,06:24:00,06:24:00,2
"RED LINE TO SHILOH SCOTT","STADIUM METROLINK STATION",CC0033,2,25,06:28:00,06:28:00,2
"BLUE LINE TO SHREWSBURY LANSDOWNE I-44","STADIUM METROLINK STATION",333399,2,16,06:33:00,06:33:00,2
"BLUE LINE TO FAIRVIEW HEIGHTS","STADIUM METROLINK STATION",333399,2,25,06:39:00,06:39:00,2
"RED LINE TO LAMBERT AIRPORT TERMINAL #1","STADIUM METROLINK STATION",CC0033,2,16,06:44:00,06:44:00,2
"RED LINE TO SHILOH SCOTT","STADIUM METROLINK STATION",CC0033,2,25,06:48:00,06:48:00,2
"BLUE LINE TO SHREWSBURY LANSDOWNE I-44","STADIUM METROLINK STATION",333399,2,16,06:53:00,06:53:00,2
"BLUE LINE TO FAIRVIEW HEIGHTS","STADIUM METROLINK STATION",333399,2,25,06:59:00,06:59:00,2
"RED LINE TO LAMBERT AIRPORT TERMINAL #1","STADIUM METROLINK STATION",CC0033,2,16,07:04:00,07:04:00,2
"RED LINE TO SHILOH SCOTT","STADIUM METROLINK STATION",CC0033,2,25,07:08:00,07:08:00,2
"BLUE LINE TO SHREWSBURY LANSDOWNE I-44","STADIUM METROLINK STATION",333399,2,16,07:13:00,07:13:00,2
"BLUE LINE TO FAIRVIEW HEIGHTS","STADIUM METROLINK STATION",333399,2,25,07:19:00,07:19:00,2
"RED LINE TO LAMBERT AIRPORT TERMINAL #1","STADIUM METROLINK STATION",CC0033,2,16,07:24:00,07:24:00,2
"RED LINE TO SHILOH SCOTT","STADIUM METROLINK STATION",CC0033,2,25,07:28:00,07:28:00,2
"BLUE LINE TO SHREWSBURY LANSDOWNE I-44","STADIUM METROLINK STATION",333399,2,16,07:33:00,07:33:00,2
"BLUE LINE TO FAIRVIEW HEIGHTS","STADIUM METROLINK STATION",333399,2,25,07:39:00,07:39:00,2
"RED LINE TO LAMBERT AIRPORT TERMINAL #1","STADIUM METROLINK STATION",CC0033,2,16,07:44:00,07:44:00,2
"RED LINE TO SHILOH SCOTT","STADIUM METROLINK STATION",CC0033,2,25,07:48:00,07:48:00,2
"BLUE LINE TO SHREWSBURY LANSDOWNE I-44","STADIUM METROLINK STATION",333399,2,16,07:53:00,07:53:00,2
"BLUE LINE TO FAIRVIEW HEIGHTS","STADIUM METROLINK STATION",333399,2,25,07:59:00,07:59:00,2
"RED LINE TO LAMBERT AIRPORT TERMINAL #1","STADIUM METROLINK STATION",CC0033,2,16,08:04:00,08:04:00,2
"RED LINE TO SHILOH SCOTT","STADIUM METROLINK STATION",CC0033,2,25,08:08:00,08:08:00,2
"BLUE LINE TO SHREWSBURY LANSDOWNE I-44","STADIUM METROLINK STATION",333399,2,16,08:13:00,08:13:00,2
"BLUE LINE TO FAIRVIEW HEIGHTS","STADIUM METROLINK STATION",333399,2,25,08:19:00,08:19:00,2
"RED LINE TO LAMBERT AIRPORT TERMINAL #1","STADIUM METROLINK STATION",CC0033,2,16,08:24:00,08:24:00,2
"RED LINE TO SHILOH SCOTT","STADIUM METROLINK STATION",CC0033,2,25,08:28:00,08:28:00,2
"BLUE LINE TO SHREWSBURY LANSDOWNE I-44","STADIUM METROLINK STATION",333399,2,16,08:33:00,08:33:00,2
"BLUE LINE TO FAIRVIEW HEIGHTS","STADIUM METROLINK STATION",333399,2,25,08:39:00,08:39:00,2
"RED LINE TO LAMBERT AIRPORT TERMINAL #1","STADIUM METROLINK STATION",CC0033,2,16,08:44:00,08:44:00,2
"RED LINE TO SHILOH SCOTT","STADIUM METROLINK STATION",CC0033,2,25,08:48:00,08:48:00,2
"BLUE LINE TO SHREWSBURY LANSDOWNE I-44","STADIUM METROLINK STATION",333399,2,16,08:53:00,08:53:00,2
"BLUE LINE TO FAIRVIEW HEIGHTS","STADIUM METROLINK STATION",333399,2,25,08:59:00,08:59:00,2
"RED LINE TO LAMBERT AIRPORT TERMINAL #1","STADIUM METROLINK STATION",CC0033,2,16,09:04:00,09:04:00,2
"RED LINE TO SHILOH SCOTT","STADIUM METROLINK STATION",CC0033,2,25,09:08:00,09:08:00,2
"BLUE LINE TO SHREWSBURY LANSDOWNE I-44","STADIUM METROLINK STATION",333399,2,16,09:13:00,09:13:00,2
"BLUE LINE TO FAIRVIEW HEIGHTS","STADIUM METROLINK STATION",333399,2,25,09:19:00,09:19:00,2
"RED LINE TO LAMBERT AIRPORT TERMINAL #1","STADIUM METROLINK STATION",CC0033,2,16,09:24:00,09:24:00,2
"RED LINE TO SHILOH SCOTT","STADIUM METROLINK STATION",CC0033,2,25,09:28:00,09:28:00,2
"BLUE LINE TO SHREWSBURY LANSDOWNE I-44","STADIUM METROLINK STATION",333399,2,16,09:33:00,09:33:00,2
"BLUE LINE TO FAIRVIEW HEIGHTS","STADIUM METROLINK STATION",333399,2,25,09:39:00,09:39:00,2
"RED LINE TO LAMBERT AIRPORT TERMINAL #1","STADIUM METROLINK STATION",CC0033,2,16,09:44:00,09:44:00,2
"RED LINE TO SHILOH SCOTT","STADIUM METROLINK STATION",CC0033,2,25,09:48:00,09:48:00,2
"BLUE LINE TO SHREWSBURY LANSDOWNE I-44","STADIUM METROLINK STATION",333399,2,16,09:53:00,09:53:00,2
"BLUE LINE TO FAIRVIEW HEIGHTS","STADIUM METROLINK STATION",333399,2,25,09:59:00,09:59:00,2
"RED LINE TO LAMBERT AIRPORT TERMINAL #1","STADIUM METROLINK STATION",CC0033,2,16,10:04:00,10:04:00,2
"RED LINE TO SHILOH SCOTT","STADIUM METROLINK STATION",CC0033,2,25,10:08:00,10:08:00,2
"BLUE LINE TO SHREWSBURY LANSDOWNE I-44","STADIUM METROLINK STATION",333399,2,16,10:13:00,10:13:00,2
"BLUE LINE TO FAIRVIEW HEIGHTS","STADIUM METROLINK STATION",333399,2,25,10:19:00,10:19:00,2
"RED LINE TO LAMBERT AIRPORT TERMINAL #1","STADIUM METROLINK STATION",CC0033,2,16,10:24:00,10:24:00,2
"RED LINE TO SHILOH SCOTT","STADIUM METROLINK STATION",CC0033,2,25,10:28:00,10:28:00,2
"BLUE LINE TO SHREWSBURY LANSDOWNE I-44","STADIUM METROLINK STATION",333399,2,16,10:33:00,10:33:00,2
"BLUE LINE TO FAIRVIEW HEIGHTS","STADIUM METROLINK STATION",333399,2,25,10:39:00,10:39:00,2
"RED LINE TO LAMBERT AIRPORT TERMINAL #1","STADIUM METROLINK STATION",CC0033,2,16,10:44:00,10:44:00,2
"RED LINE TO SHILOH SCOTT","STADIUM METROLINK STATION",CC0033,2,25,10:48:00,10:48:00,2
"BLUE LINE TO SHREWSBURY LANSDOWNE I-44","STADIUM METROLINK STATION",333399,2,16,10:53:00,10:53:00,2
"BLUE LINE TO FAIRVIEW HEIGHTS","STADIUM METROLINK STATION",333399,2,25,10:59:00,10:59:00,2
"RED LINE TO LAMBERT AIRPORT TERMINAL #1","STADIUM METROLINK STATION",CC0033,2,16,11:04:00,11:04:00,2
"RED LINE TO SHILOH SCOTT","STADIUM METROLINK STATION",CC0033,2,25,11:08:00,11:08:00,2
"BLUE LINE TO SHREWSBURY LANSDOWNE I-44","STADIUM METROLINK STATION",333399,2,16,11:13:00,11:13:00,2
"BLUE LINE TO FAIRVIEW HEIGHTS","STADIUM METROLINK STATION",333399,2,25,11:19:00,11:19:00,2
"RED LINE TO LAMBERT AIRPORT TERMINAL #1","STADIUM METROLINK STATION",CC0033,2,16,11:24:00,11:24:00,2
"RED LINE TO SHILOH SCOTT","STADIUM METROLINK STATION",CC0033,2,25,11:28:00,11:28:00,2
"BLUE LINE TO SHREWSBURY LANSDOWNE I-44","STADIUM METROLINK STATION",333399,2,16,11:33:00,11:33:00,2
"BLUE LINE TO FAIRVIEW HEIGHTS","STADIUM METROLINK STATION",333399,2,25,11:39:00,11:39:00,2
"RED LINE TO LAMBERT AIRPORT TERMINAL #1","STADIUM METROLINK STATION",CC0033,2,16,11:44:00,11:44:00,2
"RED LINE TO SHILOH SCOTT","STADIUM METROLINK STATION",CC0033,2,25,11:48:00,11:48:00,2
"BLUE LINE TO SHREWSBURY LANSDOWNE I-44","STADIUM METROLINK STATION",333399,2,16,11:53:00,11:53:00,2
"BLUE LINE TO FAIRVIEW HEIGHTS","STADIUM METROLINK STATION",333399,2,25,11:59:00,11:59:00,2
"RED LINE TO LAMBERT AIRPORT TERMINAL #1","STADIUM METROLINK STATION",CC0033,2,16,12:04:00,12:04:00,2
"RED LINE TO SHILOH SCOTT","STADIUM METROLINK STATION",CC0033,2,25,12:08:00,12:08:00,2
"BLUE LINE TO SHREWSBURY LANSDOWNE I-44","STADIUM METROLINK STATION",333399,2,16,12:13:00,12:13:00,2
"BLUE LINE TO FAIRVIEW HEIGHTS","STADIUM METROLINK STATION",333399,2,25,12:19:00,12:19:00,2
"RED LINE TO LAMBERT AIRPORT TERMINAL #1","STADIUM METROLINK STATION",CC0033,2,16,12:24:00,12:24:00,2
"RED LINE TO SHILOH SCOTT","STADIUM METROLINK STATION",CC0033,2,25,12:28:00,12:28:00,2
"BLUE LINE TO SHREWSBURY LANSDOWNE I-44","STADIUM METROLINK STATION",333399,2,16,12:33:00,12:33:00,2
"BLUE LINE TO FAIRVIEW HEIGHTS","STADIUM METROLINK STATION",333399,2,25,12:39:00,12:39:00,2
"RED LINE TO LAMBERT AIRPORT TERMINAL #1","STADIUM METROLINK STATION",CC0033,2,16,12:44:00,12:44:00,2
"RED LINE TO SHILOH SCOTT","STADIUM METROLINK STATION",CC0033,2,25,12:48:00,12:48:00,2
"BLUE LINE TO SHREWSBURY LANSDOWNE I-44","STADIUM METROLINK STATION",333399,2,16,12:53:00,12:53:00,2
"BLUE LINE TO FAIRVIEW HEIGHTS","STADIUM METROLINK STATION",333399,2,25,12:59:00,12:59:00,2
"RED LINE TO LAMBERT AIRPORT TERMINAL #1","STADIUM METROLINK STATION",CC0033,2,16,13:04:00,13:04:00,2
"RED LINE TO SHILOH SCOTT","STADIUM METROLINK STATION",CC0033,2,25,13:08:00,13:08:00,2
"BLUE LINE TO SHREWSBURY LANSDOWNE I-44","STADIUM METROLINK STATION",333399,2,16,13:13:00,13:13:00,2
"BLUE LINE TO FAIRVIEW HEIGHTS","STADIUM METROLINK STATION",333399,2,25,13:19:00,13:19:00,2
"RED LINE TO LAMBERT AIRPORT TERMINAL #1","STADIUM METROLINK STATION",CC0033,2,16,13:24:00,13:24:00,2
"RED LINE TO SHILOH SCOTT","STADIUM METROLINK STATION",CC0033,2,25,13:28:00,13:28:00,2
"BLUE LINE TO SHREWSBURY LANSDOWNE I-44","STADIUM METROLINK STATION",333399,2,16,13:33:00,13:33:00,2
"BLUE LINE TO FAIRVIEW HEIGHTS","STADIUM METROLINK STATION",333399,2,25,13:39:00,13:39:00,2
"RED LINE TO LAMBERT AIRPORT TERMINAL #1","STADIUM METROLINK STATION",CC0033,2,16,13:44:00,13:44:00,2
"RED LINE TO SHILOH SCOTT","STADIUM METROLINK STATION",CC0033,2,25,13:48:00,13:48:00,2
"BLUE LINE TO SHREWSBURY LANSDOWNE I-44","STADIUM METROLINK STATION",333399,2,16,13:53:00,13:53:00,2
"BLUE LINE TO FAIRVIEW HEIGHTS","STADIUM METROLINK STATION",333399,2,25,13:59:00,13:59:00,2
"RED LINE TO LAMBERT AIRPORT TERMINAL #1","STADIUM METROLINK STATION",CC0033,2,16,14:04:00,14:04:00,2
"RED LINE TO SHILOH SCOTT","STADIUM METROLINK STATION",CC0033,2,25,14:08:00,14:08:00,2
"BLUE LINE TO SHREWSBURY LANSDOWNE I-44","STADIUM METROLINK STATION",333399,2,16,14:13:00,14:13:00,2
"BLUE LINE TO FAIRVIEW HEIGHTS","STADIUM METROLINK STATION",333399,2,25,14:19:00,14:19:00,2
"RED LINE TO LAMBERT AIRPORT TERMINAL #1","STADIUM METROLINK STATION",CC0033,2,16,14:24:00,14:24:00,2
"RED LINE TO SHILOH SCOTT","STADIUM METROLINK STATION",CC0033,2,25,14:28:00,14:28:00,2
"BLUE LINE TO SHREWSBURY LANSDOWNE I-44","STADIUM METROLINK STATION",333399,2,16,14:33:00,14:33:00,2
"BLUE LINE TO FAIRVIEW HEIGHTS","STADIUM METROLINK STATION",333399,2,25,14:39:00,14:39:00,2
"RED LINE TO LAMBERT AIRPORT TERMINAL #1","STADIUM METROLINK STATION",CC0033,2,16,14:44:00,14:44:00,2
"RED LINE TO SHILOH SCOTT","STADIUM METROLINK STATION",CC0033,2,25,14:48:00,14:48:00,2
"BLUE LINE TO SHREWSBURY LANSDOWNE I-44","STADIUM METROLINK STATION",333399,2,16,14:53:00,14:53:00,2
"BLUE LINE TO FAIRVIEW HEIGHTS","STADIUM METROLINK STATION",333399,2,25,14:59:00,14:59:00,2
"RED LINE TO LAMBERT AIRPORT TERMINAL #1","STADIUM METROLINK STATION",CC0033,2,16,15:04:00,15:04:00,2
"RED LINE TO SHILOH SCOTT","STADIUM METROLINK STATION",CC0033,2,25,15:08:00,15:08:00,2
"BLUE LINE TO SHREWSBURY LANSDOWNE I-44","STADIUM METROLINK STATION",333399,2,16,15:13:00,15:13:00,2
"BLUE LINE TO FAIRVIEW HEIGHTS","STADIUM METROLINK STATION",333399,2,25,15:19:00,15:19:00,2
"RED LINE TO LAMBERT AIRPORT TERMINAL #1","STADIUM METROLINK STATION",CC0033,2,16,15:24:00,15:24:00,2
"RED LINE TO SHILOH SCOTT","STADIUM METROLINK STATION",CC0033,2,25,15:28:00,15:28:00,2
"BLUE LINE TO SHREWSBURY LANSDOWNE I-44","STADIUM METROLINK STATION",333399,2,16,15:33:00,15:33:00,2
"BLUE LINE TO FAIRVIEW HEIGHTS","STADIUM METROLINK STATION",333399,2,25,15:39:00,15:39:00,2
"RED LINE TO LAMBERT AIRPORT TERMINAL #1","STADIUM METROLINK STATION",CC0033,2,16,15:44:00,15:44:00,2
"RED LINE TO SHILOH SCOTT","STADIUM METROLINK STATION",CC0033,2,25,15:48:00,15:48:00,2
"BLUE LINE TO SHREWSBURY LANSDOWNE I-44","STADIUM METROLINK STATION",333399,2,16,15:53:00,15:53:00,2
"BLUE LINE TO FAIRVIEW HEIGHTS","STADIUM METROLINK STATION",333399,2,25,15:59:00,15:59:00,2
"RED LINE TO LAMBERT AIRPORT TERMINAL #1","STADIUM METROLINK STATION",CC0033,2,16,16:04:00,16:04:00,2
"RED LINE TO SHILOH SCOTT","STADIUM METROLINK STATION",CC0033,2,25,16:08:00,16:08:00,2
"BLUE LINE TO SHREWSBURY LANSDOWNE I-44","STADIUM METROLINK STATION",333399,2,16,16:13:00,16:13:00,2
"BLUE LINE TO FAIRVIEW HEIGHTS","STADIUM METROLINK STATION",333399,2,25,16:19:00,16:19:00,2
"RED LINE TO LAMBERT AIRPORT TERMINAL #1","STADIUM METROLINK STATION",CC0033,2,16,16:24:00,16:24:00,2
"RED LINE TO SHILOH SCOTT","STADIUM METROLINK STATION",CC0033,2,25,16:28:00,16:28:00,2
"BLUE LINE TO SHREWSBURY LANSDOWNE I-44","STADIUM METROLINK STATION",333399,2,16,16:33:00,16:33:00,2
"BLUE LINE TO FAIRVIEW HEIGHTS","STADIUM METROLINK STATION",333399,2,25,16:39:00,16:39:00,2
"RED LINE TO LAMBERT AIRPORT TERMINAL #1","STADIUM METROLINK STATION",CC0033,2,16,16:44:00,16:44:00,2
"RED LINE TO SHILOH SCOTT","STADIUM METROLINK STATION",CC0033,2,25,16:48:00,16:48:00,2
"BLUE LINE TO SHREWSBURY LANSDOWNE I-44","STADIUM METROLINK STATION",333399,2,16,16:53:00,16:53:00,2
"BLUE LINE TO FAIRVIEW HEIGHTS","STADIUM METROLINK STATION",333399,2,25,16:59:00,16:59:00,2
"RED LINE TO LAMBERT AIRPORT TERMINAL #1","STADIUM METROLINK STATION",CC0033,2,16,17:04:00,17:04:00,2
"RED LINE TO SHILOH SCOTT","STADIUM METROLINK STATION",CC0033,2,25,17:08:00,17:08:00,2
"BLUE LINE TO SHREWSBURY LANSDOWNE I-44","STADIUM METROLINK STATION",333399,2,16,17:13:00,17:13:00,2
"BLUE LINE TO FAIRVIEW HEIGHTS","STADIUM METROLINK STATION",333399,2,25,17:19:00,17:19:00,2
"RED LINE TO LAMBERT AIRPORT TERMINAL #1","STADIUM METROLINK STATION",CC0033,2,16,17:24:00,17:24:00,2
"RED LINE TO SHILOH SCOTT","STADIUM METROLINK STATION",CC0033,2,25,17:28:00,17:28:00,2
"BLUE LINE TO SHREWSBURY LANSDOWNE I-44","STADIUM METROLINK STATION",333399,2,16,17:33:00,17:33:00,2
"BLUE LINE TO FAIRVIEW HEIGHTS","STADIUM METROLINK STATION",333399,2,25,17:39:00,17:39:00,2
"RED LINE TO LAMBERT AIRPORT TERMINAL #1","STADIUM METROLINK STATION",CC0033,2,16,17:44:00,17:44:00,2
"RED LINE TO SHILOH SCOTT","STADIUM METROLINK STATION",CC0033,2,25,17:48:00,17:48:00,2
"BLUE LINE TO SHREWSBURY LANSDOWNE I-44","STADIUM METROLINK STATION",333399,2,16,17:53:00,17:53:00,2
"BLUE LINE TO FAIRVIEW HEIGHTS","STADIUM METROLINK STATION",333399,2,25,17:59:00,17:59:00,2
"RED LINE TO LAMBERT AIRPORT TERMINAL #1","STADIUM METROLINK STATION",CC0033,2,16,18:04:00,18:04:00,2
"RED LINE TO SHILOH SCOTT","STADIUM METROLINK STATION",CC0033,2,25,18:08:00,18:08:00,2
"BLUE LINE TO SHREWSBURY LANSDOWNE I-44","STADIUM METROLINK STATION",333399,2,16,18:13:00,18:13:00,2
"BLUE LINE TO FAIRVIEW HEIGHTS","STADIUM METROLINK STATION",333399,2,25,18:19:00,18:19:00,2
"RED LINE TO LAMBERT AIRPORT TERMINAL #1","STADIUM METROLINK STATION",CC0033,2,16,18:24:00,18:24:00,2
"RED LINE TO SHILOH SCOTT","STADIUM METROLINK STATION",CC0033,2,25,18:28:00,18:28:00,2
"BLUE LINE TO SHREWSBURY LANSDOWNE I-44","STADIUM METROLINK STATION",333399,2,16,18:33:00,18:33:00,2
"BLUE LINE TO FAIRVIEW HEIGHTS","STADIUM METROLINK STATION",333399,2,25,18:39:00,18:39:00,2
"RED LINE TO LAMBERT AIRPORT TERMINAL #1","STADIUM METROLINK STATION",CC0033,2,16,18:44:00,18:44:00,2
"RED LINE TO SHILOH SCOTT","STADIUM METROLINK STATION",CC0033,2,25,18:48:00,18:48:00,2
"BLUE LINE TO SHREWSBURY LANSDOWNE I-44","STADIUM METROLINK STATION",333399,2,16,18:53:00,18:53:00,2
"BLUE LINE TO FAIRVIEW HEIGHTS","STADIUM METROLINK STATION",333399,2,25,18:59:00,18:59:00,2
"RED LINE TO LAMBERT AIRPORT TERMINAL #1","STADIUM METROLINK STATION",CC0033,2,16,19:04:00,19:04:00,2
"RED LINE TO SHILOH SCOTT","STADIUM METROLINK STATION",CC0033,2,25,19:08:00,19:08:00,2
"BLUE LINE TO SHREWSBURY LANSDOWNE I-44","STADIUM METROLINK STATION",333399,2,16,19:13:00,19:13:00,2
"BLUE LINE TO FAIRVIEW HEIGHTS","STADIUM METROLINK STATION",333399,2,25,19:19:00,19:19:00,2
"RED LINE TO LAMBERT AIRPORT TERMINAL #1","STADIUM METROLINK STATION",CC0033,2,16,19:24:00,19:24:00,2
"RED LINE TO SHILOH SCOTT","STADIUM METROLINK STATION",CC0033,2,25,19:28:00,19:28:00,2
"BLUE LINE TO SHREWSBURY LANSDOWNE I-44","STADIUM METROLINK STATION",333399,2,16,19:33:00,19:33:00,2
"BLUE LINE TO FAIRVIEW HEIGHTS","STADIUM METROLINK STATION",333399,2,25,19:39:00,19:39:00,2
"RED LINE TO LAMBERT AIRPORT TERMINAL #1","STADIUM METROLINK STATION",CC0033,2,16,19:44:00,19:44:00,2
"RED LINE TO SHILOH SCOTT","STADIUM METROLINK STATION",CC0033,2,25,19:48:00,19:48:00,2
"BLUE LINE TO SHREWSBURY LANSDOWNE I-44","STADIUM METROLINK STATION",333399,2,16,19:53:00,19:53:00,2
"BLUE LINE TO FAIRVIEW HEIGHTS","STADIUM METROLINK STATION",333399,2,25,19:59:00,19:59:00,2
"RED LINE TO LAMBERT AIRPORT TERMINAL #1","STADIUM METROLINK STATION",CC0033,2,16,20:04:00,20:04:00,2
"RED LINE TO SHILOH SCOTT","STADIUM METROLINK STATION",CC0033,2,25,20:08:00,20:08:00,2
"BLUE LINE TO SHREWSBURY LANSDOWNE I-44","STADIUM METROLINK STATION",333399,2,16,20:13:00,20:13:00,2
"BLUE LINE TO FAIRVIEW HEIGHTS","STADIUM METROLINK STATION",333399,2,25,20:19:00,20:19:00,2
"RED LINE TO LAMBERT AIRPORT TERMINAL #1","STADIUM METROLINK STATION",CC0033,2,16,20:24:00,20:24:00,2
"RED LINE TO SHILOH SCOTT","STADIUM METROLINK STATION",CC0033,2,25,20:28:00,20:28:00,2
"BLUE LINE TO SHREWSBURY LANSDOWNE I-44","STADIUM METROLINK STATION",333399,2,16,20:33:00,20:33:00,2
"BLUE LINE TO FAIRVIEW HEIGHTS","STADIUM METROLINK STATION",333399,2,25,20:39:00,20:39:00,2
"RED LINE TO LAMBERT AIRPORT TERMINAL #1","STADIUM METROLINK STATION",CC0033,2,16,20:44:00,20:44:00,2
"RED LINE TO SHILOH SCOTT","STADIUM METROLINK STATION",CC0033,2,25,20:48:00,20:48:00,2
"BLUE LINE TO SHREWSBURY LANSDOWNE I-44","STADIUM METROLINK STATION",333399,2,16,20:53:00,20:53:00,2
"BLUE LINE TO FAIRVIEW HEIGHTS","STADIUM METROLINK STATION",333399,2,25,20:59:00,20:59:00,2
"RED LINE TO LAMBERT AIRPORT TERMINAL #1","STADIUM METROLINK STATION",CC0033,2,16,21:04:00,21:04:00,2
"RED LINE TO SHILOH SCOTT","STADIUM METROLINK STATION",CC0033,2,25,21:08:00,21:08:00,2
"BLUE LINE TO SHREWSBURY LANSDOWNE I-44","STADIUM METROLINK STATION",333399,2,16,21:13:00,21:13:00,2
"BLUE LINE TO FAIRVIEW HEIGHTS","STADIUM METROLINK STATION",333399,2,25,21:19:00,21:19:00,2
"RED LINE TO LAMBERT AIRPORT TERMINAL #1","STADIUM METROLINK STATION",CC0033,2,16,21:24:00,21:24:00,2
"RED LINE TO SHILOH SCOTT","STADIUM METROLINK STATION",CC0033,2,25,21:28:00,21:28:00,2
"BLUE LINE TO SHREWSBURY LANSDOWNE I-44","STADIUM METROLINK STATION",333399,2,16,21:33:00,21:33:00,2
"BLUE LINE TO FAIRVIEW HEIGHTS","STADIUM METROLINK STATION",333399,2,25,21:39:00,21:39:00,2
"RED LINE TO LAMBERT AIRPORT TERMINAL #1","STADIUM METROLINK STATION",CC0033,2,16,21:44:00,21:44:00,2
"RED LINE TO SHILOH SCOTT","STADIUM METROLINK STATION",CC0033,2,25,21:48:00,21:48:00,2
"BLUE LINE TO SHREWSBURY LANSDOWNE I-44","STADIUM METROLINK STATION",333399,2,16,21:53:00,21:53:00,2
"BLUE LINE TO FAIRVIEW HEIGHTS","STADIUM METROLINK STATION",333399,2,25,21:59:00,21:59:00,2
"RED LINE TO LAMBERT AIRPORT TERMINAL #1","STADIUM METROLINK STATION",CC0033,2,16,22:04:00,22:04:00,2
"RED LINE TO SHILOH SCOTT","STADIUM METROLINK STATION",CC0033,2,25,22:08:00,22:08:00,2
"BLUE LINE TO SHREWSBURY LANSDOWNE I-44","STADIUM METROLINK STATION",333399,2,16,22:13:00,22:13:00,2
"BLUE LINE TO FAIRVIEW HEIGHTS","STADIUM METROLINK STATION",333399,2,25,22:19:00,22:19:00,2
"RED LINE TO LAMBERT AIRPORT TERMINAL #1","STADIUM METROLINK STATION",CC0033,2,16,22:24:00,22:24:00,2
"RED LINE TO SHILOH SCOTT","STADIUM METROLINK STATION",CC0033,2,25,22:28:00,22:28:00,2
"BLUE LINE TO SHREWSBURY LANSDOWNE I-44","STADIUM METROLINK STATION",333399,2,16,22:33:00,22:33:00,2
"BLUE LINE TO FAIRVIEW HEIGHTS","STADIUM METROLINK STATION",333399,2,25,22:39:00,22:39:00,2
"RED LINE TO LAMBERT AIRPORT TERMINAL #1","STADIUM METROLINK STATION",CC0033,2,16,22:44:00,22:44:00,2
"RED LINE TO SHILOH SCOTT","STADIUM METROLINK STATION",CC0033,2,25,22:48:00,22:48:00,2
"BLUE LINE TO SHREWSBURY LANSDOWNE I-44","STADIUM METROLINK STATION",333399,2,16,22:53:00,22:53:00,2
"BLUE LINE TO FAIRVIEW HEIGHTS","STADIUM METROLINK STATION",333399,2,25,22:59:00,22:59:00,2
"RED LINE TO LAMBERT AIRPORT TERMINAL #1","STADIUM METROLINK STATION",CC0033,2,16,23:04:00,23:04:00,2
"RED LINE TO SHILOH SCOTT","STADIUM METROLINK STATION",CC0033,2,25,23:08:00,23:08:00,2
"BLUE LINE TO SHREWSBURY LANSDOWNE I-44","STADIUM METROLINK STATION",333399,2,16,23:13:00,23:13:00,2
"BLUE LINE TO FAIRVIEW HEIGHTS","STADIUM METROLINK STATION",333399,2,25,23:19:00,23:19:00,2
"RED LINE TO LAMBERT AIRPORT TERMINAL #1","STADIUM METROLINK STATION",CC0033,2,16,23:24:00,23:24:00,2
"RED LINE TO SHILOH SCOTT","STADIUM METROLINK STATION",CC0033,2,25,23:28:00,23:28:00,2
"BLUE LINE TO EMERSON PARK","STADIUM METROLINK STATION",333399,2,25,23:39:00,23:39:00,2
"RED LINE TO SHILOH SCOTT","STADIUM METROLINK STATION",CC0033,2,25,23:48:00,23:48:00,2
"BLUE LINE TO SHREWSBURY LANSDOWNE I-44","STADIUM METROLINK STATION",333399,2,16,23:53:00,23:53:00,2
"BLUE LINE TO EMERSON PARK","STADIUM METROLINK STATION",333399,2,25,23:59:00,23:59:00,2
"RED LINE TO LAMBERT AIRPORT TERMINAL #1","STADIUM METROLINK STATION",CC0033,2,16,24:04:00,24:04:00,2
"RED LINE TO FAIRVIEW HEIGHTS","STADIUM METROLINK STATION",CC0033,2,25,24:08:00,24:08:00,2
"BLUE LINE TO FAIRVIEW HEIGHTS","STADIUM METROLINK STATION",333399,2,25,24:19:00,24:19:00,2
"RED LINE TO FAIRVIEW HEIGHTS","STADIUM METROLINK STATION",CC0033,2,25,24:28:00,24:28:00,2
