"RED LINE TO SHILOH SCOTT","WASHINGTON PARK METROLINK STATION",CC0033,2,34,04:07:00,04:07:00,1
"RED LINE TO SHILOH SCOTT","WASHINGTON PARK METROLINK STATION",CC0033,2,34,04:33:00,04:33:00,1
"RED LINE TO SHILOH SCOTT","WASHINGTON PARK METROLINK STATION",CC0033,2,34,04:53:00,04:53:00,1
"RED LINE TO LAMBERT AIRPORT TERMINAL #1","WASHINGTON PARK METROLINK STATION",CC0033,2,7,05:08:00,05:08:00,1
"RED LINE TO SHILOH SCOTT","WASHINGTON PARK METROLINK STATION",CC0033,2,34,05:13:00,05:13:00,1
"BLUE LINE TO SHREWSBURY LANSDOWNE I-44","WASHINGTON PARK METROLINK STATION",333399,2,7,05:17:00,05:17:00,1
"RED LINE TO LAMBERT AIRPORT TERMINAL #1","WASHINGTON PARK METROLINK STATION",CC0033,2,7,05:28:00,05:28:00,1
"RED LINE TO SHILOH SCOTT","WASHINGTON PARK METROLINK STATION",CC0033,2,34,05:33:00,05:33:00,1
"BLUE LINE TO SHREWSBURY LANSDOWNE I-44","WASHINGTON PARK METROLINK STATION",333399,2,7,05:37:00,05:37:00,1
"RED LINE TO SHILOH SCOTT","WASHINGTON PARK METROLINK STATION",CC0033,2,34,05:44:00,05:44:00,1
"RED LINE TO LAMBERT AIRPORT TERMINAL #1","WASHINGTON PARK METROLINK STATION",CC0033,2,7,05:48:00,05:48:00,1
"BLUE LINE TO FAIRVIEW HEIGHTS","WASHINGTON PARK METROLINK STATION",333399,2,34,05:55:00,05:55:00,1
"BLUE LINE TO SHREWSBURY LANSDOWNE I-44","WASHINGTON PARK METROLINK STATION",333399,2,7,05:57:00,05:57:00,1
"RED LINE TO SHILOH SCOTT","WASHINGTON PARK METROLINK STATION",CC0033,2,34,06:04:00,06:04:00,1
"RED LINE TO LAMBERT AIRPORT TERMINAL #1","WASHINGTON PARK METROLINK STATION",CC0033,2,7,06:08:00,06:08:00,1
"BLUE LINE TO FAIRVIEW HEIGHTS","WASHINGTON PARK METROLINK STATION",333399,2,34,06:15:00,06:15:00,1
"BLUE LINE TO SHREWSBURY LANSDOWNE I-44","WASHINGTON PARK METROLINK STATION",333399,2,7,06:17:00,06:17:00,1
"RED LINE TO SHILOH SCOTT","WASHINGTON PARK METROLINK STATION",CC0033,2,34,06:24:00,06:24:00,1
"RED LINE TO LAMBERT AIRPORT TERMINAL #1","WASHINGTON PARK METROLINK STATION",CC0033,2,7,06:28:00,06:28:00,1
"BLUE LINE TO FAIRVIEW HEIGHTS","WASHINGTON PARK METROLINK STATION",333399,2,34,06:35:00,06:35:00,1
"BLUE LINE TO SHREWSBURY LANSDOWNE I-44","WASHINGTON PARK METROLINK STATION",333399,2,7,06:37:00,06:37:00,1
"RED LINE TO SHILOH SCOTT","WASHINGTON PARK METROLINK STATION",CC0033,2,34,06:44:00,06:44:00,1
"RED LINE TO LAMBERT AIRPORT TERMINAL #1","WASHINGTON PARK METROLINK STATION",CC0033,2,7,06:48:00,06:48:00,1
"BLUE LINE TO FAIRVIEW HEIGHTS","WASHINGTON PARK METROLINK STATION",333399,2,34,06:55:00,06:55:00,1
"BLUE LINE TO SHREWSBURY LANSDOWNE I-44","WASHINGTON PARK METROLINK STATION",333399,2,7,06:57:00,06:57:00,1
"RED LINE TO SHILOH SCOTT","WASHINGTON PARK METROLINK STATION",CC0033,2,34,07:04:00,07:04:00,1
"RED LINE TO LAMBERT AIRPORT TERMINAL #1","WASHINGTON PARK METROLINK STATION",CC0033,2,7,07:08:00,07:08:00,1
"BLUE LINE TO FAIRVIEW HEIGHTS","WASHINGTON PARK METROLINK STATION",333399,2,34,07:15:00,07:15:00,1
"BLUE LINE TO SHREWSBURY LANSDOWNE I-44","WASHINGTON PARK METROLINK STATION",333399,2,7,07:17:00,07:17:00,1
"RED LINE TO SHILOH SCOTT","WASHINGTON PARK METROLINK STATION",CC0033,2,34,07:24:00,07:24:00,1
"RED LINE TO LAMBERT AIRPORT TERMINAL #1","WASHINGTON PARK METROLINK STATION",CC0033,2,7,07:28:00,07:28:00,1
"BLUE LINE TO FAIRVIEW HEIGHTS","WASHINGTON PARK METROLINK STATION",333399,2,34,07:35:00,07:35:00,1
"BLUE LINE TO SHREWSBURY LANSDOWNE I-44","WASHINGTON PARK METROLINK STATION",333399,2,7,07:37:00,07:37:00,1
"RED LINE TO SHILOH SCOTT","WASHINGTON PARK METROLINK STATION",CC0033,2,34,07:44:00,07:44:00,1
"RED LINE TO LAMBERT AIRPORT TERMINAL #1","WASHINGTON PARK METROLINK STATION",CC0033,2,7,07:48:00,07:48:00,1
"BLUE LINE TO FAIRVIEW HEIGHTS","WASHINGTON PARK METROLINK STATION",333399,2,34,07:55:00,07:55:00,1
"BLUE LINE TO SHREWSBURY LANSDOWNE I-44","WASHINGTON PARK METROLINK STATION",333399,2,7,07:57:00,07:57:00,1
"RED LINE TO SHILOH SCOTT","WASHINGTON PARK METROLINK STATION",CC0033,2,34,08:04:00,08:04:00,1
"RED LINE TO LAMBERT AIRPORT TERMINAL #1","WASHINGTON PARK METROLINK STATION",CC0033,2,7,08:08:00,08:08:00,1
"BLUE LINE TO FAIRVIEW HEIGHTS","WASHINGTON PARK METROLINK STATION",333399,2,34,08:15:00,08:15:00,1
"BLUE LINE TO SHREWSBURY LANSDOWNE I-44","WASHINGTON PARK METROLINK STATION",333399,2,7,08:17:00,08:17:00,1
"RED LINE TO SHILOH SCOTT","WASHINGTON PARK METROLINK STATION",CC0033,2,34,08:24:00,08:24:00,1
"RED LINE TO LAMBERT AIRPORT TERMINAL #1","WASHINGTON PARK METROLINK STATION",CC0033,2,7,08:28:00,08:28:00,1
"BLUE LINE TO FAIRVIEW HEIGHTS","WASHINGTON PARK METROLINK STATION",333399,2,34,08:35:00,08:35:00,1
"BLUE LINE TO SHREWSBURY LANSDOWNE I-44","WASHINGTON PARK METROLINK STATION",333399,2,7,08:37:00,08:37:00,1
"RED LINE TO SHILOH SCOTT","WASHINGTON PARK METROLINK STATION",CC0033,2,34,08:44:00,08:44:00,1
"RED LINE TO LAMBERT AIRPORT TERMINAL #1","WASHINGTON PARK METROLINK STATION",CC0033,2,7,08:48:00,08:48:00,1
"BLUE LINE TO FAIRVIEW HEIGHTS","WASHINGTON PARK METROLINK STATION",333399,2,34,08:55:00,08:55:00,1
"BLUE LINE TO SHREWSBURY LANSDOWNE I-44","WASHINGTON PARK METROLINK STATION",333399,2,7,08:57:00,08:57:00,1
"RED LINE TO SHILOH SCOTT","WASHINGTON PARK METROLINK STATION",CC0033,2,34,09:04:00,09:04:00,1
"RED LINE TO LAMBERT AIRPORT TERMINAL #1","WASHINGTON PARK METROLINK STATION",CC0033,2,7,09:08:00,09:08:00,1
"BLUE LINE TO FAIRVIEW HEIGHTS","WASHINGTON PARK METROLINK STATION",333399,2,34,09:15:00,09:15:00,1
"BLUE LINE TO SHREWSBURY LANSDOWNE I-44","WASHINGTON PARK METROLINK STATION",333399,2,7,09:17:00,09:17:00,1
"RED LINE TO SHILOH SCOTT","WASHINGTON PARK METROLINK STATION",CC0033,2,34,09:24:00,09:24:00,1
"RED LINE TO LAMBERT AIRPORT TERMINAL #1","WASHINGTON PARK METROLINK STATION",CC0033,2,7,09:28:00,09:28:00,1
"BLUE LINE TO FAIRVIEW HEIGHTS","WASHINGTON PARK METROLINK STATION",333399,2,34,09:35:00,09:35:00,1
"BLUE LINE TO SHREWSBURY LANSDOWNE I-44","WASHINGTON PARK METROLINK STATION",333399,2,7,09:37:00,09:37:00,1
"RED LINE TO SHILOH SCOTT","WASHINGTON PARK METROLINK STATION",CC0033,2,34,09:44:00,09:44:00,1
"RED LINE TO LAMBERT AIRPORT TERMINAL #1","WASHINGTON PARK METROLINK STATION",CC0033,2,7,09:48:00,09:48:00,1
"BLUE LINE TO FAIRVIEW HEIGHTS","WASHINGTON PARK METROLINK STATION",333399,2,34,09:55:00,09:55:00,1
"BLUE LINE TO SHREWSBURY LANSDOWNE I-44","WASHINGTON PARK METROLINK STATION",333399,2,7,09:57:00,09:57:00,1
"RED LINE TO SHILOH SCOTT","WASHINGTON PARK METROLINK STATION",CC0033,2,34,10:04:00,10:04:00,1
"RED LINE TO LAMBERT AIRPORT TERMINAL #1","WASHINGTON PARK METROLINK STATION",CC0033,2,7,10:08:00,10:08:00,1
"BLUE LINE TO FAIRVIEW HEIGHTS","WASHINGTON PARK METROLINK STATION",333399,2,34,10:15:00,10:15:00,1
"BLUE LINE TO SHREWSBURY LANSDOWNE I-44","WASHINGTON PARK METROLINK STATION",333399,2,7,10:17:00,10:17:00,1
"RED LINE TO SHILOH SCOTT","WASHINGTON PARK METROLINK STATION",CC0033,2,34,10:24:00,10:24:00,1
"RED LINE TO LAMBERT AIRPORT TERMINAL #1","WASHINGTON PARK METROLINK STATION",CC0033,2,7,10:28:00,10:28:00,1
"BLUE LINE TO FAIRVIEW HEIGHTS","WASHINGTON PARK METROLINK STATION",333399,2,34,10:35:00,10:35:00,1
"BLUE LINE TO SHREWSBURY LANSDOWNE I-44","WASHINGTON PARK METROLINK STATION",333399,2,7,10:37:00,10:37:00,1
"RED LINE TO SHILOH SCOTT","WASHINGTON PARK METROLINK STATION",CC0033,2,34,10:44:00,10:44:00,1
"RED LINE TO LAMBERT AIRPORT TERMINAL #1","WASHINGTON PARK METROLINK STATION",CC0033,2,7,10:48:00,10:48:00,1
"BLUE LINE TO FAIRVIEW HEIGHTS","WASHINGTON PARK METROLINK STATION",333399,2,34,10:55:00,10:55:00,1
"BLUE LINE TO SHREWSBURY LANSDOWNE I-44","WASHINGTON PARK METROLINK STATION",333399,2,7,10:57:00,10:57:00,1
"RED LINE TO SHILOH SCOTT","WASHINGTON PARK METROLINK STATION",CC0033,2,34,11:04:00,11:04:00,1
"RED LINE TO LAMBERT AIRPORT TERMINAL #1","WASHINGTON PARK METROLINK STATION",CC0033,2,7,11:08:00,11:08:00,1
"BLUE LINE TO FAIRVIEW HEIGHTS","WASHINGTON PARK METROLINK STATION",333399,2,34,11:15:00,11:15:00,1
"BLUE LINE TO SHREWSBURY LANSDOWNE I-44","WASHINGTON PARK METROLINK STATION",333399,2,7,11:17:00,11:17:00,1
"RED LINE TO SHILOH SCOTT","WASHINGTON PARK METROLINK STATION",CC0033,2,34,11:24:00,11:24:00,1
"RED LINE TO LAMBERT AIRPORT TERMINAL #1","WASHINGTON PARK METROLINK STATION",CC0033,2,7,11:28:00,11:28:00,1
"BLUE LINE TO FAIRVIEW HEIGHTS","WASHINGTON PARK METROLINK STATION",333399,2,34,11:35:00,11:35:00,1
"BLUE LINE TO SHREWSBURY LANSDOWNE I-44","WASHINGTON PARK METROLINK STATION",333399,2,7,11:37:00,11:37:00,1
"RED LINE TO SHILOH SCOTT","WASHINGTON PARK METROLINK STATION",CC0033,2,34,11:44:00,11:44:00,1
"RED LINE TO LAMBERT AIRPORT TERMINAL #1","WASHINGTON PARK METROLINK STATION",CC0033,2,7,11:48:00,11:48:00,1
"BLUE LINE TO FAIRVIEW HEIGHTS","WASHINGTON PARK METROLINK STATION",333399,2,34,11:55:00,11:55:00,1
"BLUE LINE TO SHREWSBURY LANSDOWNE I-44","WASHINGTON PARK METROLINK STATION",333399,2,7,11:57:00,11:57:00,1
"RED LINE TO SHILOH SCOTT","WASHINGTON PARK METROLINK STATION",CC0033,2,34,12:04:00,12:04:00,1
"RED LINE TO LAMBERT AIRPORT TERMINAL #1","WASHINGTON PARK METROLINK STATION",CC0033,2,7,12:08:00,12:08:00,1
"BLUE LINE TO FAIRVIEW HEIGHTS","WASHINGTON PARK METROLINK STATION",333399,2,34,12:15:00,12:15:00,1
"BLUE LINE TO SHREWSBURY LANSDOWNE I-44","WASHINGTON PARK METROLINK STATION",333399,2,7,12:17:00,12:17:00,1
"RED LINE TO SHILOH SCOTT","WASHINGTON PARK METROLINK STATION",CC0033,2,34,12:24:00,12:24:00,1
"RED LINE TO LAMBERT AIRPORT TERMINAL #1","WASHINGTON PARK METROLINK STATION",CC0033,2,7,12:28:00,12:28:00,1
"BLUE LINE TO FAIRVIEW HEIGHTS","WASHINGTON PARK METROLINK STATION",333399,2,34,12:35:00,12:35:00,1
"BLUE LINE TO SHREWSBURY LANSDOWNE I-44","WASHINGTON PARK METROLINK STATION",333399,2,7,12:37:00,12:37:00,1
"RED LINE TO SHILOH SCOTT","WASHINGTON PARK METROLINK STATION",CC0033,2,34,12:44:00,12:44:00,1
"RED LINE TO LAMBERT AIRPORT TERMINAL #1","WASHINGTON PARK METROLINK STATION",CC0033,2,7,12:48:00,12:48:00,1
"BLUE LINE TO FAIRVIEW HEIGHTS","WASHINGTON PARK METROLINK STATION",333399,2,34,12:55:00,12:55:00,1
"BLUE LINE TO SHREWSBURY LANSDOWNE I-44","WASHINGTON PARK METROLINK STATION",333399,2,7,12:57:00,12:57:00,1
"RED LINE TO SHILOH SCOTT","WASHINGTON PARK METROLINK STATION",CC0033,2,34,13:04:00,13:04:00,1
"RED LINE TO LAMBERT AIRPORT TERMINAL #1","WASHINGTON PARK METROLINK STATION",CC0033,2,7,13:08:00,13:08:00,1
"BLUE LINE TO FAIRVIEW HEIGHTS","WASHINGTON PARK METROLINK STATION",333399,2,34,13:15:00,13:15:00,1
"BLUE LINE TO SHREWSBURY LANSDOWNE I-44","WASHINGTON PARK METROLINK STATION",333399,2,7,13:17:00,13:17:00,1
"RED LINE TO SHILOH SCOTT","WASHINGTON PARK METROLINK STATION",CC0033,2,34,13:24:00,13:24:00,1
"RED LINE TO LAMBERT AIRPORT TERMINAL #1","WASHINGTON PARK METROLINK STATION",CC0033,2,7,13:28:00,13:28:00,1
"BLUE LINE TO FAIRVIEW HEIGHTS","WASHINGTON PARK METROLINK STATION",333399,2,34,13:35:00,13:35:00,1
"BLUE LINE TO SHREWSBURY LANSDOWNE I-44","WASHINGTON PARK METROLINK STATION",333399,2,7,13:37:00,13:37:00,1
"RED LINE TO SHILOH SCOTT","WASHINGTON PARK METROLINK STATION",CC0033,2,34,13:44:00,13:44:00,1
"RED LINE TO LAMBERT AIRPORT TERMINAL #1","WASHINGTON PARK METROLINK STATION",CC0033,2,7,13:48:00,13:48:00,1
"BLUE LINE TO FAIRVIEW HEIGHTS","WASHINGTON PARK METROLINK STATION",333399,2,34,13:55:00,13:55:00,1
"BLUE LINE TO SHREWSBURY LANSDOWNE I-44","WASHINGTON PARK METROLINK STATION",333399,2,7,13:57:00,13:57:00,1
"RED LINE TO SHILOH SCOTT","WASHINGTON PARK METROLINK STATION",CC0033,2,34,14:04:00,14:04:00,1
"RED LINE TO LAMBERT AIRPORT TERMINAL #1","WASHINGTON PARK METROLINK STATION",CC0033,2,7,14:08:00,14:08:00,1
"BLUE LINE TO FAIRVIEW HEIGHTS","WASHINGTON PARK METROLINK STATION",333399,2,34,14:15:00,14:15:00,1
"BLUE LINE TO SHREWSBURY LANSDOWNE I-44","WASHINGTON PARK METROLINK STATION",333399,2,7,14:17:00,14:17:00,1
"RED LINE TO SHILOH SCOTT","WASHINGTON PARK METROLINK STATION",CC0033,2,34,14:24:00,14:24:00,1
"RED LINE TO LAMBERT AIRPORT TERMINAL #1","WASHINGTON PARK METROLINK STATION",CC0033,2,7,14:28:00,14:28:00,1
"BLUE LINE TO FAIRVIEW HEIGHTS","WASHINGTON PARK METROLINK STATION",333399,2,34,14:35:00,14:35:00,1
"BLUE LINE TO SHREWSBURY LANSDOWNE I-44","WASHINGTON PARK METROLINK STATION",333399,2,7,14:37:00,14:37:00,1
"RED LINE TO SHILOH SCOTT","WASHINGTON PARK METROLINK STATION",CC0033,2,34,14:44:00,14:44:00,1
"RED LINE TO LAMBERT AIRPORT TERMINAL #1","WASHINGTON PARK METROLINK STATION",CC0033,2,7,14:48:00,14:48:00,1
"BLUE LINE TO FAIRVIEW HEIGHTS","WASHINGTON PARK METROLINK STATION",333399,2,34,14:55:00,14:55:00,1
"BLUE LINE TO SHREWSBURY LANSDOWNE I-44","WASHINGTON PARK METROLINK STATION",333399,2,7,14:57:00,14:57:00,1
"RED LINE TO SHILOH SCOTT","WASHINGTON PARK METROLINK STATION",CC0033,2,34,15:04:00,15:04:00,1
"RED LINE TO LAMBERT AIRPORT TERMINAL #1","WASHINGTON PARK METROLINK STATION",CC0033,2,7,15:08:00,15:08:00,1
"BLUE LINE TO FAIRVIEW HEIGHTS","WASHINGTON PARK METROLINK STATION",333399,2,34,15:15:00,15:15:00,1
"BLUE LINE TO SHREWSBURY LANSDOWNE I-44","WASHINGTON PARK METROLINK STATION",333399,2,7,15:17:00,15:17:00,1
"RED LINE TO SHILOH SCOTT","WASHINGTON PARK METROLINK STATION",CC0033,2,34,15:24:00,15:24:00,1
"RED LINE TO LAMBERT AIRPORT TERMINAL #1","WASHINGTON PARK METROLINK STATION",CC0033,2,7,15:28:00,15:28:00,1
"BLUE LINE TO FAIRVIEW HEIGHTS","WASHINGTON PARK METROLINK STATION",333399,2,34,15:35:00,15:35:00,1
"BLUE LINE TO SHREWSBURY LANSDOWNE I-44","WASHINGTON PARK METROLINK STATION",333399,2,7,15:37:00,15:37:00,1
"RED LINE TO SHILOH SCOTT","WASHINGTON PARK METROLINK STATION",CC0033,2,34,15:44:00,15:44:00,1
"RED LINE TO LAMBERT AIRPORT TERMINAL #1","WASHINGTON PARK METROLINK STATION",CC0033,2,7,15:48:00,15:48:00,1
"BLUE LINE TO FAIRVIEW HEIGHTS","WASHINGTON PARK METROLINK STATION",333399,2,34,15:55:00,15:55:00,1
"BLUE LINE TO SHREWSBURY LANSDOWNE I-44","WASHINGTON PARK METROLINK STATION",333399,2,7,15:57:00,15:57:00,1
"RED LINE TO SHILOH SCOTT","WASHINGTON PARK METROLINK STATION",CC0033,2,34,16:04:00,16:04:00,1
"RED LINE TO LAMBERT AIRPORT TERMINAL #1","WASHINGTON PARK METROLINK STATION",CC0033,2,7,16:08:00,16:08:00,1
"BLUE LINE TO FAIRVIEW HEIGHTS","WASHINGTON PARK METROLINK STATION",333399,2,34,16:15:00,16:15:00,1
"BLUE LINE TO SHREWSBURY LANSDOWNE I-44","WASHINGTON PARK METROLINK STATION",333399,2,7,16:17:00,16:17:00,1
"RED LINE TO SHILOH SCOTT","WASHINGTON PARK METROLINK STATION",CC0033,2,34,16:24:00,16:24:00,1
"RED LINE TO LAMBERT AIRPORT TERMINAL #1","WASHINGTON PARK METROLINK STATION",CC0033,2,7,16:28:00,16:28:00,1
"BLUE LINE TO FAIRVIEW HEIGHTS","WASHINGTON PARK METROLINK STATION",333399,2,34,16:35:00,16:35:00,1
"BLUE LINE TO SHREWSBURY LANSDOWNE I-44","WASHINGTON PARK METROLINK STATION",333399,2,7,16:37:00,16:37:00,1
"RED LINE TO SHILOH SCOTT","WASHINGTON PARK METROLINK STATION",CC0033,2,34,16:44:00,16:44:00,1
"RED LINE TO LAMBERT AIRPORT TERMINAL #1","WASHINGTON PARK METROLINK STATION",CC0033,2,7,16:48:00,16:48:00,1
"BLUE LINE TO FAIRVIEW HEIGHTS","WASHINGTON PARK METROLINK STATION",333399,2,34,16:55:00,16:55:00,1
"BLUE LINE TO SHREWSBURY LANSDOWNE I-44","WASHINGTON PARK METROLINK STATION",333399,2,7,16:57:00,16:57:00,1
"RED LINE TO SHILOH SCOTT","WASHINGTON PARK METROLINK STATION",CC0033,2,34,17:04:00,17:04:00,1
"RED LINE TO LAMBERT AIRPORT TERMINAL #1","WASHINGTON PARK METROLINK STATION",CC0033,2,7,17:08:00,17:08:00,1
"BLUE LINE TO FAIRVIEW HEIGHTS","WASHINGTON PARK METROLINK STATION",333399,2,34,17:15:00,17:15:00,1
"BLUE LINE TO SHREWSBURY LANSDOWNE I-44","WASHINGTON PARK METROLINK STATION",333399,2,7,17:17:00,17:17:00,1
"RED LINE TO SHILOH SCOTT","WASHINGTON PARK METROLINK STATION",CC0033,2,34,17:24:00,17:24:00,1
"RED LINE TO LAMBERT AIRPORT TERMINAL #1","WASHINGTON PARK METROLINK STATION",CC0033,2,7,17:28:00,17:28:00,1
"BLUE LINE TO FAIRVIEW HEIGHTS","WASHINGTON PARK METROLINK STATION",333399,2,34,17:35:00,17:35:00,1
"BLUE LINE TO SHREWSBURY LANSDOWNE I-44","WASHINGTON PARK METROLINK STATION",333399,2,7,17:37:00,17:37:00,1
"RED LINE TO SHILOH SCOTT","WASHINGTON PARK METROLINK STATION",CC0033,2,34,17:44:00,17:44:00,1
"RED LINE TO LAMBERT AIRPORT TERMINAL #1","WASHINGTON PARK METROLINK STATION",CC0033,2,7,17:48:00,17:48:00,1
"BLUE LINE TO FAIRVIEW HEIGHTS","WASHINGTON PARK METROLINK STATION",333399,2,34,17:55:00,17:55:00,1
"BLUE LINE TO SHREWSBURY LANSDOWNE I-44","WASHINGTON PARK METROLINK STATION",333399,2,7,17:57:00,17:57:00,1
"RED LINE TO SHILOH SCOTT","WASHINGTON PARK METROLINK STATION",CC0033,2,34,18:04:00,18:04:00,1
"RED LINE TO LAMBERT AIRPORT TERMINAL #1","WASHINGTON PARK METROLINK STATION",CC0033,2,7,18:08:00,18:08:00,1
"BLUE LINE TO FAIRVIEW HEIGHTS","WASHINGTON PARK METROLINK STATION",333399,2,34,18:15:00,18:15:00,1
"BLUE LINE TO SHREWSBURY LANSDOWNE I-44","WASHINGTON PARK METROLINK STATION",333399,2,7,18:17:00,18:17:00,1
"RED LINE TO SHILOH SCOTT","WASHINGTON PARK METROLINK STATION",CC0033,2,34,18:24:00,18:24:00,1
"RED LINE TO LAMBERT AIRPORT TERMINAL #1","WASHINGTON PARK METROLINK STATION",CC0033,2,7,18:28:00,18:28:00,1
"BLUE LINE TO FAIRVIEW HEIGHTS","WASHINGTON PARK METROLINK STATION",333399,2,34,18:35:00,18:35:00,1
"BLUE LINE TO SHREWSBURY LANSDOWNE I-44","WASHINGTON PARK METROLINK STATION",333399,2,7,18:37:00,18:37:00,1
"RED LINE TO SHILOH SCOTT","WASHINGTON PARK METROLINK STATION",CC0033,2,34,18:44:00,18:44:00,1
"RED LINE TO LAMBERT AIRPORT TERMINAL #1","WASHINGTON PARK METROLINK STATION",CC0033,2,7,18:48:00,18:48:00,1
"BLUE LINE TO FAIRVIEW HEIGHTS","WASHINGTON PARK METROLINK STATION",333399,2,34,18:55:00,18:55:00,1
"BLUE LINE TO SHREWSBURY LANSDOWNE I-44","WASHINGTON PARK METROLINK STATION",333399,2,7,18:57:00,18:57:00,1
"RED LINE TO SHILOH SCOTT","WASHINGTON PARK METROLINK STATION",CC0033,2,34,19:04:00,19:04:00,1
"RED LINE TO LAMBERT AIRPORT TERMINAL #1","WASHINGTON PARK METROLINK STATION",CC0033,2,7,19:08:00,19:08:00,1
"BLUE LINE TO FAIRVIEW HEIGHTS","WASHINGTON PARK METROLINK STATION",333399,2,34,19:15:00,19:15:00,1
"BLUE LINE TO SHREWSBURY LANSDOWNE I-44","WASHINGTON PARK METROLINK STATION",333399,2,7,19:17:00,19:17:00,1
"RED LINE TO SHILOH SCOTT","WASHINGTON PARK METROLINK STATION",CC0033,2,34,19:24:00,19:24:00,1
"RED LINE TO LAMBERT AIRPORT TERMINAL #1","WASHINGTON PARK METROLINK STATION",CC0033,2,7,19:28:00,19:28:00,1
"BLUE LINE TO FAIRVIEW HEIGHTS","WASHINGTON PARK METROLINK STATION",333399,2,34,19:35:00,19:35:00,1
"BLUE LINE TO SHREWSBURY LANSDOWNE I-44","WASHINGTON PARK METROLINK STATION",333399,2,7,19:37:00,19:37:00,1
"RED LINE TO SHILOH SCOTT","WASHINGTON PARK METROLINK STATION",CC0033,2,34,19:44:00,19:44:00,1
"RED LINE TO LAMBERT AIRPORT TERMINAL #1","WASHINGTON PARK METROLINK STATION",CC0033,2,7,19:48:00,19:48:00,1
"BLUE LINE TO FAIRVIEW HEIGHTS","WASHINGTON PARK METROLINK STATION",333399,2,34,19:55:00,19:55:00,1
"BLUE LINE TO SHREWSBURY LANSDOWNE I-44","WASHINGTON PARK METROLINK STATION",333399,2,7,19:57:00,19:57:00,1
"RED LINE TO SHILOH SCOTT","WASHINGTON PARK METROLINK STATION",CC0033,2,34,20:04:00,20:04:00,1
"RED LINE TO LAMBERT AIRPORT TERMINAL #1","WASHINGTON PARK METROLINK STATION",CC0033,2,7,20:08:00,20:08:00,1
"BLUE LINE TO FAIRVIEW HEIGHTS","WASHINGTON PARK METROLINK STATION",333399,2,34,20:15:00,20:15:00,1
"BLUE LINE TO SHREWSBURY LANSDOWNE I-44","WASHINGTON PARK METROLINK STATION",333399,2,7,20:17:00,20:17:00,1
"RED LINE TO SHILOH SCOTT","WASHINGTON PARK METROLINK STATION",CC0033,2,34,20:24:00,20:24:00,1
"RED LINE TO LAMBERT AIRPORT TERMINAL #1","WASHINGTON PARK METROLINK STATION",CC0033,2,7,20:28:00,20:28:00,1
"BLUE LINE TO FAIRVIEW HEIGHTS","WASHINGTON PARK METROLINK STATION",333399,2,34,20:35:00,20:35:00,1
"BLUE LINE TO SHREWSBURY LANSDOWNE I-44","WASHINGTON PARK METROLINK STATION",333399,2,7,20:37:00,20:37:00,1
"RED LINE TO SHILOH SCOTT","WASHINGTON PARK METROLINK STATION",CC0033,2,34,20:44:00,20:44:00,1
"RED LINE TO LAMBERT AIRPORT TERMINAL #1","WASHINGTON PARK METROLINK STATION",CC0033,2,7,20:48:00,20:48:00,1
"BLUE LINE TO FAIRVIEW HEIGHTS","WASHINGTON PARK METROLINK STATION",333399,2,34,20:55:00,20:55:00,1
"BLUE LINE TO SHREWSBURY LANSDOWNE I-44","WASHINGTON PARK METROLINK STATION",333399,2,7,20:57:00,20:57:00,1
"RED LINE TO SHILOH SCOTT","WASHINGTON PARK METROLINK STATION",CC0033,2,34,21:04:00,21:04:00,1
"RED LINE TO LAMBERT AIRPORT TERMINAL #1","WASHINGTON PARK METROLINK STATION",CC0033,2,7,21:08:00,21:08:00,1
"BLUE LINE TO FAIRVIEW HEIGHTS","WASHINGTON PARK METROLINK STATION",333399,2,34,21:15:00,21:15:00,1
"BLUE LINE TO SHREWSBURY LANSDOWNE I-44","WASHINGTON PARK METROLINK STATION",333399,2,7,21:17:00,21:17:00,1
"RED LINE TO SHILOH SCOTT","WASHINGTON PARK METROLINK STATION",CC0033,2,34,21:24:00,21:24:00,1
"RED LINE TO LAMBERT AIRPORT TERMINAL #1","WASHINGTON PARK METROLINK STATION",CC0033,2,7,21:28:00,21:28:00,1
"BLUE LINE TO FAIRVIEW HEIGHTS","WASHINGTON PARK METROLINK STATION",333399,2,34,21:35:00,21:35:00,1
"BLUE LINE TO SHREWSBURY LANSDOWNE I-44","WASHINGTON PARK METROLINK STATION",333399,2,7,21:37:00,21:37:00,1
"RED LINE TO SHILOH SCOTT","WASHINGTON PARK METROLINK STATION",CC0033,2,34,21:44:00,21:44:00,1
"RED LINE TO LAMBERT AIRPORT TERMINAL #1","WASHINGTON PARK METROLINK STATION",CC0033,2,7,21:48:00,21:48:00,1
"BLUE LINE TO FAIRVIEW HEIGHTS","WASHINGTON PARK METROLINK STATION",333399,2,34,21:55:00,21:55:00,1
"BLUE LINE TO SHREWSBURY LANSDOWNE I-44","WASHINGTON PARK METROLINK STATION",333399,2,7,21:57:00,21:57:00,1
"RED LINE TO SHILOH SCOTT","WASHINGTON PARK METROLINK STATION",CC0033,2,34,22:04:00,22:04:00,1
"RED LINE TO LAMBERT AIRPORT TERMINAL #1","WASHINGTON PARK METROLINK STATION",CC0033,2,7,22:08:00,22:08:00,1
"BLUE LINE TO FAIRVIEW HEIGHTS","WASHINGTON PARK METROLINK STATION",333399,2,34,22:15:00,22:15:00,1
"BLUE LINE TO SHREWSBURY LANSDOWNE I-44","WASHINGTON PARK METROLINK STATION",333399,2,7,22:17:00,22:17:00,1
"RED LINE TO SHILOH SCOTT","WASHINGTON PARK METROLINK STATION",CC0033,2,34,22:24:00,22:24:00,1
"RED LINE TO LAMBERT AIRPORT TERMINAL #1","WASHINGTON PARK METROLINK STATION",CC0033,2,7,22:28:00,22:28:00,1
"BLUE LINE TO FAIRVIEW HEIGHTS","WASHINGTON PARK METROLINK STATION",333399,2,34,22:35:00,22:35:00,1
"BLUE LINE TO SHREWSBURY LANSDOWNE I-44","WASHINGTON PARK METROLINK STATION",333399,2,7,22:37:00,22:37:00,1
"RED LINE TO SHILOH SCOTT","WASHINGTON PARK METROLINK STATION",CC0033,2,34,22:44:00,22:44:00,1
"RED LINE TO LAMBERT AIRPORT TERMINAL #1","WASHINGTON PARK METROLINK STATION",CC0033,2,7,22:48:00,22:48:00,1
"BLUE LINE TO FAIRVIEW HEIGHTS","WASHINGTON PARK METROLINK STATION",333399,2,34,22:55:00,22:55:00,1
"BLUE LINE TO SHREWSBURY LANSDOWNE I-44","WASHINGTON PARK METROLINK STATION",333399,2,7,22:57:00,22:57:00,1
"RED LINE TO SHILOH SCOTT","WASHINGTON PARK METROLINK STATION",CC0033,2,34,23:04:00,23:04:00,1
"RED LINE TO LAMBERT AIRPORT TERMINAL #1","WASHINGTON PARK METROLINK STATION",CC0033,2,7,23:08:00,23:08:00,1
"BLUE LINE TO FAIRVIEW HEIGHTS","WASHINGTON PARK METROLINK STATION",333399,2,34,23:15:00,23:15:00,1
"RED LINE TO SHILOH SCOTT","WASHINGTON PARK METROLINK STATION",CC0033,2,34,23:24:00,23:24:00,1
"BLUE LINE TO FAIRVIEW HEIGHTS","WASHINGTON PARK METROLINK STATION",333399,2,34,23:35:00,23:35:00,1
"BLUE LINE TO SHREWSBURY LANSDOWNE I-44","WASHINGTON PARK METROLINK STATION",333399,2,7,23:37:00,23:37:00,1
"RED LINE TO SHILOH SCOTT","WASHINGTON PARK METROLINK STATION",CC0033,2,34,23:44:00,23:44:00,1
"RED LINE TO LAMBERT AIRPORT TERMINAL #1","WASHINGTON PARK METROLINK STATION",CC0033,2,7,23:48:00,23:48:00,1
"RED LINE TO SHILOH SCOTT","WASHINGTON PARK METROLINK STATION",CC0033,2,34,24:04:00,24:04:00,1
"RED LINE TO FAIRVIEW HEIGHTS","WASHINGTON PARK METROLINK STATION",CC0033,2,34,24:24:00,24:24:00,1
"BLUE LINE TO FAIRVIEW HEIGHTS","WASHINGTON PARK METROLINK STATION",333399,2,34,24:35:00,24:35:00,1
"RED LINE TO FAIRVIEW HEIGHTS","WASHINGTON PARK METROLINK STATION",CC0033,2,34,24:44:00,24:44:00,1
